Time,Cases,Time_Diff (Difference between this time point and the next time point),Time + 8,Cases,Difference (of T and T + 8),Average*2
947290000000,17,-604400000,952128000000,14,9,25836.2873786408
947894400000,10,-604800000,952732800000,11,1,(on all data)
948499200000,15,-604800000,953337600000,3,144,
949104000000,15,-604800000,953942400000,12,9,
949708800000,13,-604800000,954547200000,6,49,
950313600000,19,-604800000,955152000000,4,225,
950918400000,5,-604800000,955756800000,8,9,
951523200000,16,-604800000,956361600000,8,64,
952128000000,14,-604800000,956966400000,12,4,
952732800000,11,-604800000,957571200000,11,0,
953337600000,3,-604800000,958176000000,7,16,
953942400000,12,-604800000,958780800000,13,1,
954547200000,6,-604800000,959385600000,7,1,
955152000000,4,-604800000,959990400000,9,25,
955756800000,8,-604800000,960595200000,14,36,
956361600000,8,-604800000,961200000000,10,4,
956966400000,12,-604800000,961804800000,11,1,
957571200000,11,-604800000,962409600000,21,100,
958176000000,7,-604800000,963014400000,13,36,
958780800000,13,-604800000,963619200000,12,1,
959385600000,7,-604800000,964224000000,13,36,
959990400000,9,-604800000,964828800000,17,64,
960595200000,14,-604800000,965433600000,24,100,
961200000000,10,-604800000,966038400000,11,1,
961804800000,11,-604800000,966643200000,22,121,
962409600000,21,-604800000,967248000000,20,1,
963014400000,13,-604800000,967852800000,10,9,
963619200000,12,-604800000,968457600000,11,1,
964224000000,13,-604800000,969062400000,7,36,
964828800000,17,-604800000,969667200000,27,100,
965433600000,24,-604800000,970272000000,18,36,
966038400000,11,-604800000,970876800000,14,9,
966643200000,22,-604800000,971481600000,14,64,
967248000000,20,-604800000,972086400000,11,81,
967852800000,10,-604800000,972691200000,9,1,
968457600000,11,-604800000,973296000000,14,9,
969062400000,7,-604800000,973900800000,11,16,
969667200000,27,-604800000,974505600000,15,144,
970272000000,18,-604800000,975110400000,19,1,
970876800000,14,-604800000,975715200000,9,25,
971481600000,14,-604800000,976320000000,8,36,
972086400000,11,-604800000,976924800000,13,4,
972691200000,9,-604800000,977529600000,22,169,
973296000000,14,-604800000,978134400000,18,16,
973900800000,11,-604800000,978739200000,11,0,
974505600000,15,-604800000,979344000000,22,49,
975110400000,19,-604800000,979948800000,24,25,
975715200000,9,-604800000,980553600000,15,36,
976320000000,8,-604800000,981158400000,26,324,
976924800000,13,-604800000,981763200000,16,9,
977529600000,22,-604800000,982368000000,23,1,
978134400000,18,-604800000,982972800000,33,225,
978739200000,11,-604800000,983577600000,30,361,
979344000000,22,-604800000,984182400000,29,49,
979948800000,24,-604800000,984787200000,47,529,
980553600000,15,-604800000,985392000000,38,529,
981158400000,26,-604800000,985996800000,29,9,
981763200000,16,-604800000,986601600000,30,196,
982368000000,23,-604800000,987206400000,15,64,
982972800000,33,-604800000,987811200000,39,36,
983577600000,30,-604800000,988416000000,33,9,
984182400000,29,-604800000,989020800000,37,64,
984787200000,47,-604800000,989625600000,40,49,
985392000000,38,-604800000,990230400000,42,16,
985996800000,29,-604800000,990835200000,65,1296,
986601600000,30,-604800000,991440000000,40,100,
987206400000,15,-604800000,992044800000,40,625,
987811200000,39,-604800000,992649600000,36,9,
988416000000,33,-604800000,993254400000,77,1936,
989020800000,37,-604800000,993859200000,55,324,
989625600000,40,-604800000,994464000000,126,7396,
990230400000,42,-604800000,995068800000,69,729,
990835200000,65,-604800000,995673600000,79,196,
991440000000,40,-604800000,996278400000,78,1444,
992044800000,40,-604800000,996883200000,90,2500,
992649600000,36,-604800000,997488000000,76,1600,
993254400000,77,-604800000,998092800000,100,529,
993859200000,55,-604800000,998697600000,64,81,
994464000000,126,-604800000,999302400000,63,3969,
995068800000,69,-604800000,999907200000,86,289,
995673600000,79,-604800000,1000512000000,83,16,
996278400000,78,-604800000,1001116800000,55,529,
996883200000,90,-604800000,1001721600000,52,1444,
997488000000,76,-604800000,1002326400000,51,625,
998092800000,100,-604800000,1002931200000,51,2401,
998697600000,64,-604800000,1003536000000,35,841,
999302400000,63,-604800000,1004140800000,32,961,
999907200000,86,-604800000,1004745600000,35,2601,
1000512000000,83,-604800000,1005350400000,37,2116,
1001116800000,55,-604800000,1005955200000,32,529,
1001721600000,52,-604800000,1006560000000,41,121,
1002326400000,51,-604800000,1007164800000,26,625,
1002931200000,51,-604800000,1007769600000,41,100,
1003536000000,35,-604800000,1008374400000,35,0,
1004140800000,32,-604800000,1008979200000,26,36,
1004745600000,35,-604800000,1009584000000,17,324,
1005350400000,37,-604800000,1010188800000,20,289,
1005955200000,32,-604800000,1010793600000,23,81,
1006560000000,41,-604800000,1011398400000,23,324,
1007164800000,26,-604800000,1012003200000,19,49,
1007769600000,41,-604800000,1012608000000,20,441,
1008374400000,35,-604800000,1013212800000,18,289,
1008979200000,26,-604800000,1013817600000,12,196,
1009584000000,17,-604800000,1014422400000,27,100,
1010188800000,20,-604800000,1015027200000,19,1,
1010793600000,23,-604800000,1015632000000,12,121,
1011398400000,23,-604800000,1016236800000,32,81,
1012003200000,19,-604800000,1016841600000,17,4,
1012608000000,20,-604800000,1017446400000,25,25,
1013212800000,18,-604800000,1018051200000,41,529,
1013817600000,12,-604800000,1018656000000,40,784,
1014422400000,27,-604800000,1019260800000,33,36,
1015027200000,19,-604800000,1019865600000,41,484,
1015632000000,12,-604800000,1020470400000,45,1089,
1016236800000,32,-604800000,1021075200000,64,1024,
1016841600000,17,-604800000,1021680000000,58,1681,
1017446400000,25,-604800000,1022284800000,79,2916,
1018051200000,41,-604800000,1022889600000,55,196,
1018656000000,40,-604800000,1023494400000,51,121,
1019260800000,33,-604800000,1024099200000,60,729,
1019865600000,41,-604800000,1024704000000,63,484,
1020470400000,45,-604800000,1025308800000,54,81,
1021075200000,64,-604800000,1025913600000,91,729,
1021680000000,58,-604800000,1026518400000,105,2209,
1022284800000,79,-604800000,1027123200000,113,1156,
1022889600000,55,-604800000,1027728000000,115,3600,
1023494400000,51,-604800000,1028332800000,136,7225,
1024099200000,60,-604800000,1028937600000,83,529,
1024704000000,63,-604800000,1029542400000,154,8281,
1025308800000,54,-604800000,1030147200000,147,8649,
1025913600000,91,-604800000,1030752000000,156,4225,
1026518400000,105,-604800000,1031356800000,144,1521,
1027123200000,113,-604800000,1031961600000,159,2116,
1027728000000,115,-604800000,1032566400000,139,576,
1028332800000,136,-604800000,1033171200000,129,49,
1028937600000,83,-604800000,1033776000000,124,1681,
1029542400000,154,-604800000,1034380800000,141,169,
1030147200000,147,-604800000,1034985600000,121,676,
1030752000000,156,-604800000,1035590400000,110,2116,
1031356800000,144,-604800000,1036195200000,101,1849,
1031961600000,159,-604800000,1036800000000,95,4096,
1032566400000,139,-604800000,1037404800000,99,1600,
1033171200000,129,-604800000,1038009600000,96,1089,
1033776000000,124,-604800000,1038614400000,96,784,
1034380800000,141,-604800000,1039219200000,72,4761,
1034985600000,121,-604800000,1039824000000,87,1156,
1035590400000,110,-604800000,1040428800000,115,25,
1036195200000,101,-604800000,1041033600000,64,1369,
1036800000000,95,-604800000,1041638400000,68,729,
1037404800000,99,-604800000,1042243200000,104,25,
1038009600000,96,-604800000,1042848000000,97,1,
1038614400000,96,-604800000,1043452800000,86,100,
1039219200000,72,-604800000,1044057600000,89,289,
1039824000000,87,-604800000,1044662400000,64,529,
1040428800000,115,-604800000,1045267200000,89,676,
1041033600000,64,-604800000,1045872000000,89,625,
1041638400000,68,-604800000,1046476800000,100,1024,
1042243200000,104,-604800000,1047081600000,62,1764,
1042848000000,97,-604800000,1047686400000,93,16,
1043452800000,86,-604800000,1048291200000,86,0,
1044057600000,89,-604800000,1048896000000,65,576,
1044662400000,64,-604800000,1049500800000,98,1156,
1045267200000,89,-604800000,1050105600000,65,576,
1045872000000,89,-604800000,1050710400000,55,1156,
1046476800000,100,-604800000,1051315200000,76,576,
1047081600000,62,-604800000,1051920000000,38,576,
1047686400000,93,-604800000,1052524800000,81,144,
1048291200000,86,-604800000,1053129600000,96,100,
1048896000000,65,-604800000,1053734400000,127,3844,
1049500800000,98,-604800000,1054339200000,189,8281,
1050105600000,65,-604800000,1054944000000,258,37249,
1050710400000,55,-604800000,1055548800000,165,12100,
1051315200000,76,-604800000,1056153600000,165,7921,
1051920000000,38,-604800000,1056758400000,131,8649,
1052524800000,81,-604800000,1057363200000,144,3969,
1053129600000,96,-604800000,1057968000000,128,1024,
1053734400000,127,-604800000,1058572800000,78,2401,
1054339200000,189,-604800000,1059177600000,75,12996,
1054944000000,258,-604800000,1059782400000,62,38416,
1055548800000,165,-604800000,1060387200000,63,10404,
1056153600000,165,-604800000,1060992000000,64,10201,
1056758400000,131,-604800000,1061596800000,83,2304,
1057363200000,144,-604800000,1062201600000,93,2601,
1057968000000,128,-604800000,1062806400000,51,5929,
1058572800000,78,-604800000,1063411200000,79,1,
1059177600000,75,-604800000,1064016000000,61,196,
1059782400000,62,-604800000,1064620800000,78,256,
1060387200000,63,-604800000,1065225600000,67,16,
1060992000000,64,-604800000,1065830400000,75,121,
1061596800000,83,-604800000,1066435200000,67,256,
1062201600000,93,-604800000,1067040000000,74,361,
1062806400000,51,-604800000,1067644800000,98,2209,
1063411200000,79,-604800000,1068249600000,100,441,
1064016000000,61,-604800000,1068854400000,94,1089,
1064620800000,78,-604800000,1069459200000,90,144,
1065225600000,67,-604800000,1070064000000,60,49,
1065830400000,75,-604800000,1070668800000,67,64,
1066435200000,67,-604800000,1071273600000,95,784,
1067040000000,74,-604800000,1071878400000,83,81,
1067644800000,98,-604800000,1072483200000,71,729,
1068249600000,100,-604800000,1073088000000,53,2209,
1068854400000,94,-604800000,1073692800000,81,169,
1069459200000,90,-604800000,1074297600000,87,9,
1070064000000,60,-604800000,1074902400000,57,9,
1070668800000,67,-604800000,1075507200000,81,196,
1071273600000,95,-604800000,1076112000000,70,625,
1071878400000,83,-604800000,1076716800000,63,400,
1072483200000,71,-604800000,1077321600000,62,81,
1073088000000,53,-604800000,1077926400000,56,9,
1073692800000,81,-604800000,1078531200000,67,196,
1074297600000,87,-604800000,1079136000000,58,841,
1074902400000,57,-604800000,1079740800000,36,441,
1075507200000,81,-604800000,1080345600000,43,1444,
1076112000000,70,-604800000,1080950400000,42,784,
1076716800000,63,-604800000,1081555200000,38,625,
1077321600000,62,-604800000,1082160000000,99,1369,
1077926400000,56,-604800000,1082764800000,83,729,
1078531200000,67,-604800000,1083369600000,90,529,
1079136000000,58,-604800000,1083974400000,139,6561,
1079740800000,36,-604800000,1084579200000,119,6889,
1080345600000,43,-604800000,1085184000000,93,2500,
1080950400000,42,-604800000,1085788800000,129,7569,
1081555200000,38,-604800000,1086393600000,149,12321,
1082160000000,99,-604800000,1086998400000,135,1296,
1082764800000,83,-604800000,1087603200000,156,5329,
1083369600000,90,-604800000,1088208000000,163,5329,
1083974400000,139,-604800000,1088812800000,163,576,
1084579200000,119,-604800000,1089417600000,191,5184,
1085184000000,93,-604800000,1090022400000,220,16129,
1085788800000,129,-604800000,1090627200000,222,8649,
1086393600000,149,-604800000,1091232000000,221,5184,
1086998400000,135,-604800000,1091836800000,311,30976,
1087603200000,156,-604800000,1092441600000,258,10404,
1088208000000,163,-604800000,1093046400000,281,13924,
1088812800000,163,-604800000,1093651200000,332,28561,
1089417600000,191,-604800000,1094256000000,276,7225,
1090022400000,220,-604800000,1094860800000,314,8836,
1090627200000,222,-604800000,1095465600000,263,1681,
1091232000000,221,-604800000,1096070400000,325,10816,
1091836800000,311,-604800000,1096675200000,302,81,
1092441600000,258,-604800000,1097280000000,244,196,
1093046400000,281,-604800000,1097884800000,340,3481,
1093651200000,332,-604800000,1098489600000,314,324,
1094256000000,276,-604800000,1099094400000,260,256,
1094860800000,314,-604800000,1099699200000,258,3136,
1095465600000,263,-604800000,1100304000000,192,5041,
1096070400000,325,-604800000,1100908800000,263,3844,
1096675200000,302,-604800000,1101513600000,316,196,
1097280000000,244,-604800000,1102118400000,300,3136,
1097884800000,340,-604800000,1102723200000,305,1225,
1098489600000,314,-604800000,1103328000000,329,225,
1099094400000,260,-604800000,1103932800000,290,900,
1099699200000,258,-604800000,1104537600000,243,225,
1100304000000,192,-604800000,1105142400000,317,15625,
1100908800000,263,-604800000,1105747200000,298,1225,
1101513600000,316,-604800000,1106352000000,217,9801,
1102118400000,300,-604800000,1106956800000,272,784,
1102723200000,305,-604800000,1107561600000,282,529,
1103328000000,329,-604800000,1108166400000,198,17161,
1103932800000,290,-604800000,1108771200000,317,729,
1104537600000,243,-604800000,1109376000000,237,36,
1105142400000,317,-604800000,1109980800000,156,25921,
1105747200000,298,-604800000,1110585600000,158,19600,
1106352000000,217,-604800000,1111190400000,103,12996,
1106956800000,272,-604800000,1111795200000,100,29584,
1107561600000,282,-604800000,1112400000000,138,20736,
1108166400000,198,-604800000,1113004800000,125,5329,
1108771200000,317,-604800000,1113609600000,118,39601,
1109376000000,237,-604800000,1114214400000,139,9604,
1109980800000,156,-604800000,1114819200000,118,1444,
1110585600000,158,-604800000,1115424000000,137,441,
1111190400000,103,-604800000,1116028800000,151,2304,
1111795200000,100,-604800000,1116633600000,160,3600,
1112400000000,138,-604800000,1117238400000,163,625,
1113004800000,125,-604800000,1117843200000,139,196,
1113609600000,118,-604800000,1118448000000,212,8836,
1114214400000,139,-604800000,1119052800000,259,14400,
1114819200000,118,-604800000,1119657600000,318,40000,
1115424000000,137,-604800000,1120262400000,389,63504,
1116028800000,151,-604800000,1120867200000,361,44100,
1116633600000,160,-604800000,1121472000000,362,40804,
1117238400000,163,-604800000,1122076800000,408,60025,
1117843200000,139,-604800000,1122681600000,353,45796,
1118448000000,212,-604800000,1123286400000,338,15876,
1119052800000,259,-604800000,1123891200000,307,2304,
1119657600000,318,-604800000,1124496000000,414,9216,
1120262400000,389,-604800000,1125100800000,493,10816,
1120867200000,361,-604800000,1125705600000,546,34225,
1121472000000,362,-604800000,1126310400000,690,107584,
1122076800000,408,-604800000,1126915200000,697,83521,
1122681600000,353,-604800000,1127520000000,714,130321,
1123286400000,338,-604800000,1128124800000,541,41209,
1123891200000,307,-604800000,1128729600000,472,27225,
1124496000000,414,-604800000,1129334400000,387,729,
1125100800000,493,-604800000,1129939200000,358,18225,
1125705600000,546,-604800000,1130544000000,331,46225,
1126310400000,690,-604800000,1131148800000,222,219024,
1126915200000,697,-604800000,1131753600000,175,272484,
1127520000000,714,-604800000,1132358400000,140,329476,
1128124800000,541,-604800000,1132963200000,145,156816,
1128729600000,472,-604800000,1133568000000,124,121104,
1129334400000,387,-604800000,1134172800000,88,89401,
1129939200000,358,-604800000,1134777600000,116,58564,
1130544000000,331,-604800000,1135382400000,85,60516,
1131148800000,222,-604800000,1135987200000,84,19044,
1131753600000,175,-604800000,1136592000000,83,8464,
1132358400000,140,-604800000,1137196800000,62,6084,
1132963200000,145,-604800000,1137801600000,46,9801,
1133568000000,124,-604800000,1138406400000,72,2704,
1134172800000,88,-604800000,1139011200000,41,2209,
1134777600000,116,-604800000,1139616000000,75,1681,
1135382400000,85,-604800000,1140220800000,55,900,
1135987200000,84,-604800000,1140825600000,75,81,
1136592000000,83,-604800000,1141430400000,60,529,
1137196800000,62,-604800000,1142035200000,60,4,
1137801600000,46,-604800000,1142640000000,37,81,
1138406400000,72,-604800000,1143244800000,44,784,
1139011200000,41,-604800000,1143849600000,39,4,
1139616000000,75,-604800000,1144454400000,39,1296,
1140220800000,55,-604800000,1145059200000,40,225,
1140825600000,75,-604800000,1145664000000,32,1849,
1141430400000,60,-604800000,1146268800000,38,484,
1142035200000,60,-604800000,1146873600000,52,64,
1142640000000,37,-604800000,1147478400000,43,36,
1143244800000,44,-604800000,1148083200000,74,900,
1143849600000,39,-604800000,1148688000000,80,1681,
1144454400000,39,-604800000,1149292800000,76,1369,
1145059200000,40,-604800000,1149897600000,84,1936,
1145664000000,32,-604800000,1150502400000,85,2809,
1146268800000,38,-604800000,1151107200000,87,2401,
1146873600000,52,-604800000,1151712000000,95,1849,
1147478400000,43,-604800000,1152316800000,105,3844,
1148083200000,74,-604800000,1152921600000,102,784,
1148688000000,80,-604800000,1153526400000,100,400,
1149292800000,76,-604800000,1154131200000,70,36,
1149897600000,84,-604800000,1154736000000,78,36,
1150502400000,85,-604800000,1155340800000,80,25,
1151107200000,87,-604800000,1155945600000,73,196,
1151712000000,95,-604800000,1156550400000,77,324,
1152316800000,105,-604800000,1157155200000,59,2116,
1152921600000,102,-604800000,1157760000000,56,2116,
1153526400000,100,-604800000,1158364800000,58,1764,
1154131200000,70,-604800000,1158969600000,54,256,
1154736000000,78,-604800000,1159574400000,54,576,
1155340800000,80,-604800000,1160179200000,52,784,
1155945600000,73,-604800000,1160784000000,48,625,
1156550400000,77,-604800000,1161388800000,42,1225,
1157155200000,59,-604800000,1161993600000,37,484,
1157760000000,56,-604800000,1162598400000,46,100,
1158364800000,58,-604800000,1163203200000,40,324,
1158969600000,54,-604800000,1163808000000,45,81,
1159574400000,54,-604800000,1164412800000,42,144,
1160179200000,52,-604800000,1165017600000,40,144,
1160784000000,48,-604800000,1165622400000,45,9,
1161388800000,42,-604800000,1166227200000,56,196,
1161993600000,37,-604800000,1166832000000,45,64,
1162598400000,46,-604800000,1167436800000,49,9,
1163203200000,40,-604800000,1168041600000,61,441,
1163808000000,45,-604800000,1168646400000,64,361,
1164412800000,42,-604800000,1169251200000,48,36,
1165017600000,40,-604800000,1169856000000,55,225,
1165622400000,45,-604800000,1170460800000,56,121,
1166227200000,56,-604800000,1171065600000,35,441,
1166832000000,45,-604800000,1171670400000,58,169,
1167436800000,49,-604800000,1172275200000,49,0,
1168041600000,61,-604800000,1172880000000,61,0,
1168646400000,64,-604800000,1173484800000,71,49,
1169251200000,48,-604800000,1174089600000,45,9,
1169856000000,55,-604800000,1174694400000,88,1089,
1170460800000,56,-604800000,1175299200000,62,36,
1171065600000,35,-604800000,1175904000000,89,2916,
1171670400000,58,-604800000,1176508800000,127,4761,
1172275200000,49,-604800000,1177113600000,99,2500,
1172880000000,61,-604800000,1177718400000,129,4624,
1173484800000,71,-604800000,1178323200000,111,1600,
1174089600000,45,-604800000,1178928000000,180,18225,
1174694400000,88,-604800000,1179532800000,210,14884,
1175299200000,62,-604800000,1180137600000,259,38809,
1175904000000,89,-604800000,1180742400000,227,19044,
1176508800000,127,-604800000,1181347200000,293,27556,
1177113600000,99,-604800000,1181952000000,401,91204,
1177718400000,129,-604800000,1182556800000,349,48400,
1178323200000,111,-604800000,1183161600000,381,72900,
1178928000000,180,-604800000,1183766400000,432,63504,
1179532800000,210,-604800000,1184371200000,377,27889,
1180137600000,259,-604800000,1184976000000,363,10816,
1180742400000,227,-604800000,1185580800000,322,9025,
1181347200000,293,-604800000,1186185600000,311,324,
1181952000000,401,-604800000,1186790400000,246,24025,
1182556800000,349,-604800000,1187395200000,242,11449,
1183161600000,381,-604800000,1188000000000,242,19321,
1183766400000,432,-604800000,1188604800000,192,57600,
1184371200000,377,-604800000,1189209600000,211,27556,
1184976000000,363,-604800000,1189814400000,203,25600,
1185580800000,322,-604800000,1190419200000,196,15876,
1186185600000,311,-604800000,1191024000000,187,15376,
1186790400000,246,-604800000,1191628800000,175,5041,
1187395200000,242,-604800000,1192233600000,157,7225,
1188000000000,242,-604800000,1192838400000,124,13924,
1188604800000,192,-604800000,1193443200000,145,2209,
1189209600000,211,-604800000,1194048000000,117,8836,
1189814400000,203,-604800000,1194652800000,108,9025,
1190419200000,196,-604800000,1195257600000,127,4761,
1191024000000,187,-604800000,1195862400000,139,2304,
1191628800000,175,-604800000,1196467200000,145,900,
1192233600000,157,-604800000,1197072000000,132,625,
1192838400000,124,-604800000,1197676800000,128,16,
1193443200000,145,-604800000,1198281600000,97,2304,
1194048000000,117,-604800000,1198886400000,122,25,
1194652800000,108,-604800000,1199491200000,116,64,
1195257600000,127,-604800000,1200096000000,120,49,
1195862400000,139,-604800000,1200700800000,105,1156,
1196467200000,145,-604800000,1201305600000,131,196,
1197072000000,132,-604800000,1201910400000,110,484,
1197676800000,128,-604800000,1202515200000,68,3600,
1198281600000,97,-604800000,1203120000000,103,36,
1198886400000,122,-604800000,1203724800000,110,144,
1199491200000,116,-604800000,1204329600000,88,784,
1200096000000,120,-604800000,1204934400000,72,2304,
1200700800000,105,-604800000,1205539200000,74,961,
1201305600000,131,-604800000,1206144000000,67,4096,
1201910400000,110,-604800000,1206748800000,86,576,
1202515200000,68,-604800000,1207353600000,77,81,
1203120000000,103,-604800000,1207958400000,97,36,
1203724800000,110,-604800000,1208563200000,104,36,
1204329600000,88,-604800000,1209168000000,88,0,
1204934400000,72,-604800000,1209772800000,117,2025,
1205539200000,74,-604800000,1210377600000,108,1156,
1206144000000,67,-604800000,1210982400000,146,6241,
1206748800000,86,-604800000,1211587200000,132,2116,
1207353600000,77,-604800000,1212192000000,145,4624,
1207958400000,97,-604800000,1212796800000,174,5929,
1208563200000,104,-604800000,1213401600000,165,3721,
1209168000000,88,-604800000,1214006400000,155,4489,
1209772800000,117,-604800000,1214611200000,132,225,
1210377600000,108,-604800000,1215216000000,158,2500,
1210982400000,146,-604800000,1215820800000,130,256,
1211587200000,132,-604800000,1216425600000,127,25,
1212192000000,145,-604800000,1217030400000,122,529,
1212796800000,174,-604800000,1217635200000,150,576,
1213401600000,165,-604800000,1218240000000,154,121,
1214006400000,155,-604800000,1218844800000,133,484,
1214611200000,132,-604800000,1219449600000,162,900,
1215216000000,158,-604800000,1220054400000,150,64,
1215820800000,130,-604800000,1220659200000,143,169,
1216425600000,127,-604800000,1221264000000,119,64,
1217030400000,122,-604800000,1221868800000,129,49,
1217635200000,150,-604800000,1222473600000,144,36,
1218240000000,154,-604800000,1223078400000,138,256,
1218844800000,133,-604800000,1223683200000,178,2025,
1219449600000,162,-604800000,1224288000000,160,4,
1220054400000,150,-604800000,1224892800000,174,576,
1220659200000,143,-604800000,1225497600000,133,100,
1221264000000,119,-604800000,1226102400000,153,1156,
1221868800000,129,-604800000,1226707200000,153,576,
1222473600000,144,-604800000,1227312000000,134,100,
1223078400000,138,-604800000,1227916800000,151,169,
1223683200000,178,-604800000,1228521600000,155,529,
1224288000000,160,-604800000,1229126400000,182,484,
1224892800000,174,-604800000,1229731200000,222,2304,
1225497600000,133,-604800000,1230336000000,189,3136,
1226102400000,153,-604800000,1230940800000,199,2116,
1226707200000,153,-604800000,1231545600000,242,7921,
1227312000000,134,-604800000,1232150400000,144,100,
1227916800000,151,-604800000,1232755200000,126,625,
1228521600000,155,-604800000,1233360000000,116,1521,
1229126400000,182,-604800000,1233964800000,124,3364,
1229731200000,222,-604800000,1234569600000,137,7225,
1230336000000,189,-604800000,1235174400000,124,4225,
1230940800000,199,-604800000,1235779200000,114,7225,
1231545600000,242,-604800000,1236384000000,88,23716,
1232150400000,144,-604800000,1236988800000,74,4900,
1232755200000,126,-604800000,1237593600000,83,1849,
1233360000000,116,-604800000,1238198400000,79,1369,
1233964800000,124,-604800000,1238803200000,86,1444,
1234569600000,137,-604800000,1239408000000,94,1849,
1235174400000,124,-604800000,1240012800000,104,400,
1235779200000,114,-604800000,1240617600000,107,49,
1236384000000,88,-604800000,1241222400000,79,81,
1236988800000,74,-604800000,1241827200000,95,441,
1237593600000,83,-604800000,1242432000000,85,4,
1238198400000,79,-604800000,1243036800000,114,1225,
1238803200000,86,-604800000,1243641600000,122,1296,
1239408000000,94,-604800000,1244246400000,81,169,
1240012800000,104,-604800000,1244851200000,105,1,
1240617600000,107,-604800000,1245456000000,99,64,
1241222400000,79,-604800000,1246060800000,107,784,
1241827200000,95,-604800000,1246665600000,77,324,
1242432000000,85,-604800000,1247270400000,59,676,
1243036800000,114,-604800000,1247875200000,73,1681,
1243641600000,122,-604800000,1248480000000,63,3481,
1244246400000,81,-604800000,1249084800000,64,289,
1244851200000,105,-604800000,1249689600000,83,484,
1245456000000,99,-604800000,1250294400000,68,961,
1246060800000,107,-604800000,1250899200000,74,1089,
1246665600000,77,-604800000,1251504000000,78,1,
1247270400000,59,-604800000,1252108800000,54,25,
1247875200000,73,-604800000,1252713600000,44,841,
1248480000000,63,-604800000,1253318400000,55,64,
1249084800000,64,-604800000,1253923200000,59,25,
1249689600000,83,-604800000,1254528000000,55,784,
1250294400000,68,-604800000,1255132800000,74,36,
1250899200000,74,-604800000,1255737600000,54,400,
1251504000000,78,-604800000,1256342400000,73,25,
1252108800000,54,-604800000,1256947200000,80,676,
1252713600000,44,-604800000,1257552000000,75,961,
1253318400000,55,-604800000,1258156800000,76,441,
1253923200000,59,-604800000,1258761600000,72,169,
1254528000000,55,-604800000,1259366400000,45,100,
1255132800000,74,-604800000,1259971200000,64,100,
1255737600000,54,-604800000,1260576000000,62,64,
1256342400000,73,-604800000,1261180800000,73,0,
1256947200000,80,-604800000,1261785600000,73,49,
1257552000000,75,-604800000,1262390400000,68,49,
1258156800000,76,-604800000,1262995200000,92,256,
1258761600000,72,-604800000,1263600000000,80,64,
1259366400000,45,-604800000,1264204800000,75,900,
1259971200000,64,-604800000,1264809600000,131,4489,
1260576000000,62,-604800000,1265414400000,97,1225,
1261180800000,73,-604800000,1266019200000,111,1444,
1261785600000,73,-604800000,1266624000000,52,441,
1262390400000,68,-604800000,1267228800000,93,625,
1262995200000,92,-604800000,1267833600000,86,36,
1263600000000,80,-604800000,1268438400000,81,1,
1264204800000,75,-604800000,1269043200000,80,25,
1264809600000,131,-604800000,1269648000000,67,4096,
1265414400000,97,-604800000,1270252800000,41,3136,
1266019200000,111,-604800000,1270857600000,72,1521,
1266624000000,52,-604800000,1271462400000,61,81,
1267228800000,93,-604800000,1272067200000,67,676,
1267833600000,86,-604800000,1272672000000,62,576,
1268438400000,81,-604800000,1273276800000,52,841,
1269043200000,80,-604800000,1273881600000,66,196,
1269648000000,67,-604800000,1274486400000,61,36,
1270252800000,41,-604800000,1275091200000,75,1156,
1270857600000,72,-604800000,1275696000000,74,4,
1271462400000,61,-604800000,1276300800000,87,676,
1272067200000,67,-604800000,1276905600000,93,676,
1272672000000,62,-604800000,1277510400000,115,2809,
1273276800000,52,-604800000,1278115200000,135,6889,
1273881600000,66,-604800000,1278720000000,105,1521,
1274486400000,61,-604800000,1279324800000,153,8464,
1275091200000,75,-604800000,1279929600000,121,2116,
1275696000000,74,-604800000,1280534400000,123,2401,
1276300800000,87,-604800000,1281139200000,127,1600,
1276905600000,93,-604800000,1281744000000,132,1521,
1277510400000,115,-604800000,1282348800000,147,1024,
1278115200000,135,-604800000,1282953600000,123,144,
1278720000000,105,-604800000,1283558400000,145,1600,
1279324800000,153,-604800000,1284163200000,120,1089,
1279929600000,121,-604800000,1284768000000,175,2916,
1280534400000,123,-604800000,1285372800000,182,3481,
1281139200000,127,-604800000,1285977600000,168,1681,
1281744000000,132,-604800000,1286582400000,169,1369,
1282348800000,147,-604800000,1287187200000,147,0,
1282953600000,123,-604800000,1287792000000,152,841,
1283558400000,145,-604800000,1288396800000,132,169,
1284163200000,120,-604800000,1289001600000,102,324,
1284768000000,175,-604800000,1289606400000,116,3481,
1285372800000,182,-604800000,1290211200000,92,8100,
1285977600000,168,-604800000,1290816000000,81,7569,
1286582400000,169,-604800000,1291420800000,98,5041,
1287187200000,147,-604800000,1292025600000,87,3600,
1287792000000,152,-604800000,1292630400000,80,5184,
1288396800000,132,-604800000,1293235200000,94,1444,
1289001600000,102,-604800000,1293840000000,87,225,
1289606400000,116,-604800000,1294444800000,87,841,
1290211200000,92,-604800000,1295049600000,102,100,
1290816000000,81,-604800000,1295654400000,64,289,
1291420800000,98,-604800000,1296259200000,68,900,
1292025600000,87,-604800000,1296864000000,36,2601,
1292630400000,80,-604800000,1297468800000,60,400,
1293235200000,94,-604800000,1298073600000,71,529,
1293840000000,87,-604800000,1298678400000,55,1024,
1294444800000,87,-604800000,1299283200000,66,441,
1295049600000,102,-604800000,1299888000000,70,1024,
1295654400000,64,-604800000,1300492800000,72,64,
1296259200000,68,-604800000,1301097600000,65,9,
1296864000000,36,-604800000,1301702400000,72,1296,
1297468800000,60,-604800000,1302307200000,88,784,
1298073600000,71,-604800000,1302912000000,76,25,
1298678400000,55,-604800000,1303516800000,59,16,
1299283200000,66,-604800000,1304121600000,101,1225,
1299888000000,70,-604800000,1304726400000,67,9,
1300492800000,72,-604800000,1305331200000,109,1369,
1301097600000,65,-604800000,1305936000000,121,3136,
1301702400000,72,-604800000,1306540800000,129,3249,
1302307200000,88,-604800000,1307145600000,105,289,
1302912000000,76,-604800000,1307750400000,146,4900,
1303516800000,59,-604800000,1308355200000,123,4096,
1304121600000,101,-604800000,1308960000000,141,1600,
1304726400000,67,-604800000,1309564800000,185,13924,
1305331200000,109,-604800000,1310169600000,211,10404,
1305936000000,121,-604800000,1310774400000,215,8836,
1306540800000,129,-604800000,1311379200000,227,9604,
1307145600000,105,-604800000,1311984000000,263,24964,
1307750400000,146,-604800000,1312588800000,218,5184,
1308355200000,123,-604800000,1313193600000,154,961,
1308960000000,141,-604800000,1313798400000,131,100,
1309564800000,185,-604800000,1314403200000,130,3025,
1310169600000,211,-604800000,1315008000000,134,5929,
1310774400000,215,-604800000,1315612800000,119,9216,
1311379200000,227,-604800000,1316217600000,105,14884,
1311984000000,263,-604800000,1316822400000,115,21904,
1312588800000,218,-604800000,1317427200000,79,19321,
1313193600000,154,-604800000,1318032000000,60,8836,
1313798400000,131,-604800000,1318636800000,87,1936,
1314403200000,130,-604800000,1319241600000,74,3136,
1315008000000,134,-604800000,1319846400000,63,5041,
1315612800000,119,-604800000,1320451200000,66,2809,
1316217600000,105,-604800000,1321056000000,69,1296,
1316822400000,115,-604800000,1321660800000,59,3136,
1317427200000,79,-604800000,1322265600000,82,9,
1318032000000,60,-604800000,1322870400000,82,484,
1318636800000,87,-604800000,1323475200000,68,361,
1319241600000,74,-604800000,1324080000000,66,64,
1319846400000,63,-604800000,1324684800000,65,4,
1320451200000,66,-604800000,1325289600000,62,16,
1321056000000,69,-604800000,1325894400000,74,25,
1321660800000,59,-604800000,1326499200000,66,49,
1322265600000,82,-604800000,1327104000000,61,441,
1322870400000,82,-604800000,1327708800000,52,900,
1323475200000,68,-604800000,1328313600000,85,289,
1324080000000,66,-604800000,1328918400000,87,441,
1324684800000,65,-604800000,1329523200000,65,0,
1325289600000,62,-604800000,1330128000000,51,121,
1325894400000,74,-604800000,1330732800000,55,361,
1326499200000,66,-604800000,1331337600000,46,400,
1327104000000,61,-604800000,1331942400000,64,9,
1327708800000,52,-604800000,1332547200000,73,441,
1328313600000,85,-604800000,1333152000000,48,1369,
1328918400000,87,-604800000,1333756800000,52,1225,
1329523200000,65,-604800000,1334361600000,82,289,
1330128000000,51,-604800000,1334966400000,77,676,
1330732800000,55,-604800000,1335571200000,64,81,
1331337600000,46,-604800000,1336176000000,88,1764,
1331942400000,64,-604800000,1336780800000,97,1089,
1332547200000,73,-604800000,1337385600000,80,49,
1333152000000,48,-604800000,1337990400000,80,1024,
1333756800000,52,-604800000,1338595200000,81,841,
1334361600000,82,-604800000,1339200000000,100,324,
1334966400000,77,-604800000,1339804800000,88,121,
1335571200000,64,-604800000,1340409600000,129,4225,
1336176000000,88,-604800000,1341014400000,151,3969,
1336780800000,97,-604800000,1341619200000,140,1849,
1337385600000,80,-604800000,1342224000000,132,2704,
1337990400000,80,-604800000,1342828800000,125,2025,
1338595200000,81,-604800000,1343433600000,110,841,
1339200000000,100,-604800000,1344038400000,94,36,
1339804800000,88,-604800000,1344643200000,127,1521,
1340409600000,129,-604800000,1345248000000,115,196,
1341014400000,151,-604800000,1345852800000,92,3481,
1341619200000,140,-604800000,1346457600000,102,1444,
1342224000000,132,-604800000,1347062400000,76,3136,
1342828800000,125,-604800000,1347667200000,74,2601,
1343433600000,110,-604800000,1348272000000,72,1444,
1344038400000,94,-604800000,1348876800000,100,36,
1344643200000,127,-604800000,1349481600000,104,529,
1345248000000,115,-604800000,1350086400000,123,64,
1345852800000,92,-604800000,1350691200000,105,169,
1346457600000,102,-604800000,1351296000000,84,324,
1347062400000,76,-604800000,1351900800000,104,784,
1347667200000,74,-604800000,1352505600000,100,676,
1348272000000,72,-604800000,1353110400000,88,256,
1348876800000,100,-604800000,1353715200000,100,0,
1349481600000,104,-604800000,1354320000000,80,576,
1350086400000,123,-604800000,1354924800000,78,2025,
1350691200000,105,-604800000,1355529600000,105,0,
1351296000000,84,-604800000,1356134400000,94,100,
1351900800000,104,-604800000,1356739200000,112,64,
1352505600000,100,-604800000,1357344000000,134,1156,
1353110400000,88,-604800000,1357948800000,205,13689,
1353715200000,100,-604800000,1358553600000,219,14161,
1354320000000,80,-604800000,1359158400000,267,34969,
1354924800000,78,-604800000,1359763200000,293,46225,
1355529600000,105,-604800000,1360368000000,322,47089,
1356134400000,94,-604800000,1360972800000,247,23409,
1356739200000,112,-604800000,1361577600000,296,33856,
1357344000000,134,-604800000,1362182400000,249,13225,
1357948800000,205,-604800000,1362787200000,273,4624,
1358553600000,219,-604800000,1363392000000,308,7921,
1359158400000,267,-604800000,1363996800000,307,1600,
1359763200000,293,-604800000,1364601600000,316,529,
1360368000000,322,-604800000,1365206400000,406,7056,
1360972800000,247,-604800000,1365811200000,492,60025,
1361577600000,296,-604800000,1366416000000,509,45369,
1362182400000,249,-604800000,1367020800000,538,83521,
1362787200000,273,-604800000,1367625600000,547,75076,
1363392000000,308,-604800000,1368230400000,558,62500,
1363996800000,307,-604800000,1368835200000,611,92416,
1364601600000,316,-604800000,1369440000000,640,104976,
1365206400000,406,-604800000,1370044800000,746,115600,
1365811200000,492,-604800000,1370649600000,814,103684,
1366416000000,509,-604800000,1371254400000,809,90000,
1367020800000,538,-604800000,1371859200000,842,92416,
1367625600000,547,-604800000,1372464000000,806,67081,
1368230400000,558,-604800000,1373068800000,678,14400,
1368835200000,611,-604800000,1373673600000,541,4900,
1369440000000,640,-604800000,1374278400000,390,62500,
1370044800000,746,-604800000,1374883200000,306,193600,
1370649600000,814,-604800000,1375488000000,289,275625,
1371254400000,809,-604800000,1376092800000,256,305809,
1371859200000,842,-604800000,1376697600000,378,215296,
1372464000000,806,-604800000,1377302400000,341,216225,
1373068800000,678,-604800000,1377907200000,386,85264,
1373673600000,541,-604800000,1378512000000,452,7921,
1374278400000,390,-604800000,1379116800000,339,2601,
1374883200000,306,-604800000,1379721600000,376,4900,
1375488000000,289,-604800000,1380326400000,406,13689,
1376092800000,256,-604800000,1380931200000,441,34225,
1376697600000,378,-604800000,1381536000000,438,3600,
1377302400000,341,-604800000,1382140800000,374,1089,
1377907200000,386,-604800000,1382745600000,495,11881,
1378512000000,452,-604800000,1383350400000,458,36,
1379116800000,339,-604800000,1383955200000,402,3969,
1379721600000,376,-604800000,1384560000000,444,4624,
1380326400000,406,-604800000,1385164800000,365,1681,
1380931200000,441,-604800000,1385769600000,372,4761,
1381536000000,438,-604800000,1386374400000,347,8281,
1382140800000,374,-604800000,1386979200000,381,49,
1382745600000,495,-604800000,1387584000000,371,15376,
1383350400000,458,-604800000,1388188800000,414,1936,
1383955200000,402,-604800000,1388793600000,437,1225,
1384560000000,444,-604800000,1389398400000,479,1225,
1385164800000,365,-604800000,1390003200000,401,1296,
1385769600000,372,-604800000,1390608000000,336,1296,
1386374400000,347,-604800000,1391212800000,234,12769,
1386979200000,381,-604800000,1391817600000,274,11449,
1387584000000,371,-604800000,1392422400000,369,4,
1388188800000,414,-604800000,1393027200000,194,48400,
1388793600000,437,-604800000,1393632000000,187,62500,
1389398400000,479,-604800000,1394236800000,210,72361,
1390003200000,401,-604800000,1394841600000,225,30976,
1390608000000,336,-604800000,1395446400000,210,15876,
1391212800000,234,-604800000,1396051200000,225,81,
1391817600000,274,-604800000,1396656000000,240,1156,
1392422400000,369,-604800000,1397260800000,245,15376,
1393027200000,194,-604800000,1397865600000,235,1681,
1393632000000,187,-604800000,1398470400000,282,9025,
1394236800000,210,-604800000,1399075200000,251,1681,
1394841600000,225,-604800000,1399680000000,261,1296,
1395446400000,210,-604800000,1400284800000,291,6561,
1396051200000,225,-604800000,1400889600000,428,41209,
1396656000000,240,-604800000,1401494400000,456,46656,
1397260800000,245,-604800000,1402099200000,459,45796,
1397865600000,235,-604800000,1402704000000,506,73441,
1398470400000,282,-604800000,1403308800000,551,72361,
1399075200000,251,-604800000,1403913600000,671,176400,
1399680000000,261,-604800000,1404518400000,891,396900,
1400284800000,291,-604800000,1405123200000,819,278784,
1400889600000,428,-604800000,1405728000000,746,101124,
1401494400000,456,-604800000,1406332800000,634,31684,
1402099200000,459,-604800000,1406937600000,484,625,
1402704000000,506,-604800000,1407542400000,545,1521,
1403308800000,551,-604800000,1408147200000,438,12769,
1403913600000,671,-604800000,1408752000000,418,64009,
1404518400000,891,-604800000,1409356800000,367,274576,
1405123200000,819,-604800000,1409961600000,339,230400,
1405728000000,746,-604800000,1410566400000,362,147456,
1406332800000,634,-604800000,1411171200000,397,56169,
1406937600000,484,-604800000,1411776000000,345,19321,
1407542400000,545,-604800000,1412380800000,339,42436,
1408147200000,438,-604800000,1412985600000,278,25600,
1408752000000,418,-604800000,1413590400000,297,14641,
1409356800000,367,-604800000,1414195200000,213,23716,
1409961600000,339,-604800000,1414800000000,186,23409,
1410566400000,362,-604800000,1415404800000,169,37249,
1411171200000,397,-604800000,1416009600000,158,57121,
1411776000000,345,-604800000,1416614400000,149,38416,
1412380800000,339,-604800000,1417219200000,162,31329,
1412985600000,278,-604800000,1417824000000,212,4356,
1413590400000,297,-604800000,1418428800000,177,14400,
1414195200000,213,-604800000,1419033600000,198,225,
1414800000000,186,-604800000,1419638400000,188,4,
1415404800000,169,-604800000,1420243200000,158,121,
1416009600000,158,-604800000,1420848000000,257,9801,
1416614400000,149,-604800000,1421452800000,228,6241,
1417219200000,162,-604800000,1422057600000,237,5625,
1417824000000,212,-604800000,1422662400000,259,2209,
1418428800000,177,-604800000,1423267200000,212,1225,
1419033600000,198,-604800000,1423872000000,173,625,
1419638400000,188,-604800000,1424476800000,100,7744,
1420243200000,158,-604800000,1425081600000,172,196,
1420848000000,257,-604800000,1425686400000,190,4489,
1421452800000,228,-604800000,1426291200000,110,13924,
1422057600000,237,-604800000,1426896000000,91,21316,
1422662400000,259,-604800000,1427500800000,130,16641,
1423267200000,212,-604800000,1428105600000,91,14641,
1423872000000,173,-604800000,1428710400000,107,4356,
1424476800000,100,-604800000,1429315200000,137,1369,
1425081600000,172,-604800000,1429920000000,113,3481,
1425686400000,190,-604800000,1430524800000,120,4900,
1426291200000,110,-604800000,1431129600000,135,625,
1426896000000,91,-604800000,1431734400000,158,4489,
1427500800000,130,-604800000,1432339200000,109,441,
1428105600000,91,-604800000,1432944000000,180,7921,
1428710400000,107,-604800000,1433548800000,152,2025,
1429315200000,137,-604800000,1434153600000,193,3136,
1429920000000,113,-604800000,1434758400000,207,8836,
1430524800000,120,-604800000,1435363200000,240,14400,
1431129600000,135,-604800000,1435968000000,242,11449,
1431734400000,158,-604800000,1436572800000,272,12996,
1432339200000,109,-604800000,1437177600000,263,23716,
1432944000000,180,-604800000,1437782400000,293,12769,
1433548800000,152,-604800000,1438387200000,250,9604,
1434153600000,193,-604800000,1438992000000,226,1089,
1434758400000,207,-604800000,1439596800000,221,196,
1435363200000,240,-604800000,1440201600000,250,100,
1435968000000,242,-604800000,1440806400000,225,289,
1436572800000,272,-604800000,1441411200000,246,676,
1437177600000,263,-604800000,1442016000000,217,2116,
1437782400000,293,-604800000,1442620800000,303,100,
1438387200000,250,-604800000,1443225600000,214,1296,
1438992000000,226,-604800000,1443830400000,257,961,
1439596800000,221,-604800000,1444435200000,235,196,
1440201600000,250,-604800000,1445040000000,235,225,
1440806400000,225,-604800000,1445644800000,224,1,
1441411200000,246,-604800000,1446249600000,246,0,
1442016000000,217,-604800000,1446854400000,266,2401,
1442620800000,303,-604800000,1447459200000,198,11025,
1443225600000,214,-604800000,1448064000000,254,1600,
1443830400000,257,-604800000,1448668800000,286,841,
1444435200000,235,-604800000,1449273600000,259,576,
1445040000000,235,-604800000,1449878400000,357,14884,
1445644800000,224,-604800000,1450483200000,333,11881,
1446249600000,246,-604800000,1451088000000,372,15876,
1446854400000,266,-604800000,1451692800000,459,37249,
1447459200000,198,-604800000,1452297600000,547,121801,
1448064000000,254,-604800000,1452902400000,620,133956,
1448668800000,286,-604800000,1453507200000,637,123201,
1449273600000,259,-604800000,1454112000000,624,133225,
1449878400000,357,-604800000,1454716800000,525,28224,
1450483200000,333,-604800000,1455321600000,419,7396,
1451088000000,372,-604800000,1455926400000,590,47524,
1451692800000,459,-604800000,1456531200000,511,2704,
1452297600000,547,-604800000,1457136000000,411,18496,
1452902400000,620,-604800000,1457740800000,396,50176,
1453507200000,637,-604800000,1458345600000,373,69696,
1454112000000,624,-604800000,1458950400000,306,101124,
1454716800000,525,-604800000,1459555200000,377,21904,
1455321600000,419,-604800000,1460160000000,291,16384,
1455926400000,590,-604800000,1460764800000,224,133956,
1456531200000,511,-604800000,1461369600000,229,79524,
1457136000000,411,-604800000,1461974400000,242,28561,
1457740800000,396,-604800000,1462579200000,180,46656,
1458345600000,373,-604800000,1463184000000,216,24649,
1458950400000,306,-604800000,1463788800000,212,8836,
1459555200000,377,-604800000,1464393600000,198,32041,
1460160000000,291,-604800000,1464998400000,216,5625,
1460764800000,224,-604800000,1465603200000,158,4356,
1461369600000,229,-604800000,1466208000000,193,1296,
1461974400000,242,-604800000,1466812800000,215,729,
1462579200000,180,-604800000,1467417600000,234,2916,
1463184000000,216,-604800000,1468022400000,247,961,
1463788800000,212,-604800000,1468627200000,223,121,
1464393600000,198,-604800000,1469232000000,266,4624,
1464998400000,216,-604800000,1469836800000,222,36,
1465603200000,158,-604800000,1470441600000,210,2704,
1466208000000,193,-604800000,1471046400000,198,25,
1466812800000,215,-604800000,1471651200000,222,49,
1467417600000,234,-604800000,1472256000000,274,1600,
1468022400000,247,-604800000,1472860800000,311,4096,
1468627200000,223,-604800000,1473465600000,242,361,
1469232000000,266,-604800000,1474070400000,175,8281,
1469836800000,222,-604800000,1474675200000,174,2304,
1470441600000,210,-604800000,1475280000000,138,5184,
1471046400000,198,-604800000,1475884800000,125,5329,
1471651200000,222,-604800000,1476489600000,94,16384,
1472256000000,274,-604800000,1477094400000,108,27556,
1472860800000,311,-604800000,1477699200000,84,51529,
1473465600000,242,-604800000,1478304000000,86,24336,
1474070400000,175,-604800000,1478908800000,84,8281,
1474675200000,174,-604800000,1479513600000,72,10404,
1475280000000,138,-604800000,1480118400000,75,3969,
1475884800000,125,-604800000,1480723200000,86,1521,
1476489600000,94,-604800000,1481328000000,59,1225,
1477094400000,108,-604800000,1481932800000,81,729,
1477699200000,84,-604800000,1482537600000,72,144,
1478304000000,86,-604800000,1483142400000,64,484,
1478908800000,84,-604800000,1483747200000,70,196,
1479513600000,72,-604800000,1484352000000,91,361,
1480118400000,75,-604800000,1484956800000,74,1,
1480723200000,86,-604800000,1485561600000,63,529,
1481328000000,59,-604800000,1486166400000,62,9,
1481932800000,81,-604800000,1486771200000,77,16,
1482537600000,72,-604800000,1487376000000,53,361,
1483142400000,64,-604800000,1487980800000,54,100,
1483747200000,70,-604800000,1488585600000,41,841,
1484352000000,91,-604800000,1489190400000,32,3481,
1484956800000,74,-604800000,1489795200000,35,1521,
1485561600000,63,-604800000,1490400000000,32,961,
1486166400000,62,-604800000,1491004800000,50,144,
1486771200000,77,-604800000,1491609600000,37,1600,
1487376000000,53,-604800000,1492214400000,32,441,
1487980800000,54,-604800000,1492819200000,51,9,
1488585600000,41,-604800000,1493424000000,37,16,
1489190400000,32,-604800000,1494028800000,42,100,
1489795200000,35,-604800000,1494633600000,48,169,
1490400000000,32,-604800000,1495238400000,50,324,
1491004800000,50,-604800000,1495843200000,50,0,
1491609600000,37,-604800000,1496448000000,66,841,
1492214400000,32,-604800000,1497052800000,62,900,
1492819200000,51,-604800000,1497657600000,80,841,
1493424000000,37,-604800000,1498262400000,73,1296,
1494028800000,42,-604800000,1498867200000,75,1089,
1494633600000,48,-604800000,1499472000000,63,225,
1495238400000,50,-604800000,1500076800000,53,9,
1495843200000,50,-604800000,1500681600000,51,1,
1496448000000,66,-604800000,1501286400000,67,1,
1497052800000,62,-604800000,1501891200000,60,4,
1497657600000,80,-604800000,1502496000000,56,576,
1498262400000,73,-604800000,1503100800000,53,400,
1498867200000,75,-604800000,1503705600000,52,529,
1499472000000,63,-604800000,1504310400000,33,900,
1500076800000,53,-604800000,1504915200000,40,169,
1500681600000,51,-604800000,1505520000000,53,4,
1501286400000,67,-604800000,1506124800000,59,64,
1501891200000,60,-604800000,1506729600000,39,441,
1502496000000,56,-604800000,1507334400000,52,16,
1503100800000,53,-604800000,1507939200000,55,4,
1503705600000,52,-604800000,1508544000000,63,121,
1504310400000,33,-604800000,1509148800000,77,1936,
1504915200000,40,-604800000,1509753600000,62,484,
1505520000000,53,-604800000,1510358400000,44,81,
1506124800000,59,-604800000,1510963200000,50,81,
1506729600000,39,-604800000,1511568000000,24,225,
1507334400000,52,-604800000,1512172800000,38,196,
1507939200000,55,-604800000,1512777600000,34,441,
1508544000000,63,-604800000,1513382400000,40,529,
1509148800000,77,-604800000,1513987200000,51,676,
1509753600000,62,-604800000,1514592000000,66,16,
1510358400000,44,-604800000,1515196800000,83,1521,
1510963200000,50,-604800000,1515801600000,68,324,
1511568000000,24,-604800000,1516406400000,54,900,
1512172800000,38,-604800000,1517011200000,45,49,
1512777600000,34,-604800000,1517616000000,48,196,
1513382400000,40,-604800000,1518220800000,50,100,
1513987200000,51,-604800000,1518825600000,28,529,
1514592000000,66,-604800000,1519430400000,39,729,
1515196800000,83,-604800000,1520035200000,51,1024,
1515801600000,68,-604800000,1520640000000,37,961,
1516406400000,54,-604800000,1521244800000,39,225,
1517011200000,45,-604800000,1521849600000,36,81,
1517616000000,48,-604800000,1522454400000,24,576,
1518220800000,50,-604800000,1523059200000,38,144,
1518825600000,28,-604800000,1523664000000,38,100,
1519430400000,39,-604800000,1524268800000,56,289,
1520035200000,51,-604800000,1524873600000,56,25,
1520640000000,37,-604800000,1525478400000,77,1600,
1521244800000,39,-604800000,1526083200000,62,529,
1521849600000,36,-604800000,1526688000000,64,784,
1522454400000,24,-604800000,1527292800000,65,1681,
1523059200000,38,-604800000,1527897600000,54,256,
1523664000000,38,-604800000,1528502400000,75,1369,
1524268800000,56,-604800000,1529107200000,55,1,
1524873600000,56,-604800000,1529712000000,61,25,
1525478400000,77,-604800000,1530316800000,76,1,
1526083200000,62,-604800000,1530921600000,58,16,
1526688000000,64,-604800000,1531526400000,44,400,
1527292800000,65,-604800000,1532131200000,41,576,
1527897600000,54,-604800000,1532736000000,56,4,
1528502400000,75,-604800000,1533340800000,51,576,
1529107200000,55,-604800000,1533945600000,59,16,
1529712000000,61,-604800000,1534550400000,43,324,
1530316800000,76,-604800000,1535155200000,68,64,
1530921600000,58,-604800000,1535760000000,75,289,
1531526400000,44,-604800000,1536364800000,76,1024,
1532131200000,41,-604800000,1536969600000,49,64,
1532736000000,56,-604800000,1537574400000,63,49,
1533340800000,51,-604800000,1538179200000,40,121,
1533945600000,59,-604800000,1538784000000,51,64,
1534550400000,43,-604800000,1539388800000,51,64,
1535155200000,68,-604800000,1539993600000,62,36,
1535760000000,75,-604800000,1540598400000,78,9,
1536364800000,76,-604800000,1541203200000,75,1,
1536969600000,49,-604800000,1541808000000,71,484,
1537574400000,63,-604800000,1542412800000,78,225,
1538179200000,40,-604800000,1543017600000,97,3249,
1538784000000,51,-604800000,1543622400000,109,3364,
1539388800000,51,-604800000,1544227200000,115,4096,
1539993600000,62,-604800000,1544832000000,108,2116,
1540598400000,78,-604800000,1545436800000,128,2500,
1541203200000,75,-604800000,1546041600000,160,7225,
1541808000000,71,-604800000,1546646400000,207,18496,
1542412800000,78,-604800000,1547251200000,245,27889,
1543017600000,97,-604800000,1547856000000,215,13924,
1543622400000,109,-604800000,1548460800000,222,12769,
1544227200000,115,-604800000,1549065600000,182,4489,
1544832000000,108,-604800000,1549670400000,138,900,
1545436800000,128,-604800000,1550275200000,235,11449,
1546041600000,160,-604800000,1550880000000,182,484,
1546646400000,207,-604800000,1551484800000,157,2500,
1547251200000,245,-604800000,1552089600000,134,12321,
1547856000000,215,-604800000,1552694400000,109,11236,
1548460800000,222,-604800000,1553299200000,97,15625,
1549065600000,182,-604800000,1553904000000,100,6724,
1549670400000,138,-604800000,1554508800000,108,900,
1550275200000,235,-604800000,1555113600000,125,12100,
1550880000000,182,-604800000,1555718400000,135,2209,
1551484800000,157,-604800000,1556323200000,157,0,
1552089600000,134,-604800000,1556928000000,194,3600,
1552694400000,109,-604800000,1557532800000,287,31684,
1553299200000,97,-604800000,1558137600000,309,44944,
1553904000000,100,-604800000,1558742400000,378,77284,
1554508800000,108,-604800000,1559347200000,401,85849,
1555113600000,125,-604800000,1559952000000,400,75625,
1555718400000,135,-604800000,1560556800000,467,110224,
1556323200000,157,-604800000,1561161600000,433,76176,
1556928000000,194,-604800000,1561766400000,497,91809,
1557532800000,287,-604800000,1562371200000,593,93636,
1558137600000,309,-604800000,1562976000000,664,126025,
1558742400000,378,-604800000,1563580800000,647,72361,
1559347200000,401,-604800000,1564185600000,605,41616,
1559952000000,400,-604800000,1564790400000,600,40000,
1560556800000,467,-604800000,1565395200000,523,3136,
1561161600000,433,-604800000,1566000000000,524,8281,
1561766400000,497,-604800000,1566604800000,476,441,
1562371200000,593,-604800000,1567209600000,414,32041,
1562976000000,664,-604800000,1567814400000,330,111556,
1563580800000,647,-604800000,1568419200000,318,108241,
1564185600000,605,-604800000,1569024000000,301,92416,
1564790400000,600,-604800000,1569628800000,261,114921,
1565395200000,523,-604800000,1570233600000,246,76729,
1566000000000,524,-604800000,1570838400000,228,87616,
1566604800000,476,-604800000,1571443200000,239,56169,
1567209600000,414,-604800000,1572048000000,242,29584,
1567814400000,330,-604800000,1572652800000,308,484,
1568419200000,318,-604800000,1573257600000,322,16,
1569024000000,301,-604800000,1573862400000,373,5184,
1569628800000,261,-604800000,1574467200000,334,5329,
1570233600000,246,-604800000,,,,
1570838400000,228,-604800000,,,,
1571443200000,239,-604800000,,,,
1572048000000,242,-604800000,,,,
1572652800000,308,-604800000,,,,
1573257600000,322,-604800000,,,,
1573862400000,373,-604800000,,,,
1574467200000,334,1574467200000,,,,
