{"class_name": "Model", "config": {"name": "model_3", "layers": [{"name": "input_1", "class_name": "InputLayer", "config": {"batch_input_shape": [null, 3], "dtype": "float32", "sparse": false, "name": "input_1"}, "inbound_nodes": []}, {"name": "input_2", "class_name": "InputLayer", "config": {"batch_input_shape": [null, 3], "dtype": "float32", "sparse": false, "name": "input_2"}, "inbound_nodes": []}, {"name": "input_3", "class_name": "InputLayer", "config": {"batch_input_shape": [null, 3], "dtype": "float32", "sparse": false, "name": "input_3"}, "inbound_nodes": []}, {"name": "input_4", "class_name": "InputLayer", "config": {"batch_input_shape": [null, 3], "dtype": "float32", "sparse": false, "name": "input_4"}, "inbound_nodes": []}, {"name": "input_5", "class_name": "InputLayer", "config": {"batch_input_shape": [null, 3], "dtype": "float32", "sparse": false, "name": "input_5"}, "inbound_nodes": []}, {"name": "input_6", "class_name": "InputLayer", "config": {"batch_input_shape": [null, 3], "dtype": "float32", "sparse": false, "name": "input_6"}, "inbound_nodes": []}, {"name": "input_7", "class_name": "InputLayer", "config": {"batch_input_shape": [null, 3], "dtype": "float32", "sparse": false, "name": "input_7"}, "inbound_nodes": []}, {"name": "input_8", "class_name": "InputLayer", "config": {"batch_input_shape": [null, 3], "dtype": "float32", "sparse": false, "name": "input_8"}, "inbound_nodes": []}, {"name": "input_9", "class_name": "InputLayer", "config": {"batch_input_shape": [null, 3], "dtype": "float32", "sparse": false, "name": "input_9"}, "inbound_nodes": []}, {"name": "input_10", "class_name": "InputLayer", "config": {"batch_input_shape": [null, 3], "dtype": "float32", "sparse": false, "name": "input_10"}, "inbound_nodes": []}, {"name": "input_11", "class_name": "InputLayer", "config": {"batch_input_shape": [null, 3], "dtype": "float32", "sparse": false, "name": "input_11"}, "inbound_nodes": []}, {"name": "input_12", "class_name": "InputLayer", "config": {"batch_input_shape": [null, 3], "dtype": "float32", "sparse": false, "name": "input_12"}, "inbound_nodes": []}, {"name": "input_13", "class_name": "InputLayer", "config": {"batch_input_shape": [null, 3], "dtype": "float32", "sparse": false, "name": "input_13"}, "inbound_nodes": []}, {"name": "input_14", "class_name": "InputLayer", "config": {"batch_input_shape": [null, 3], "dtype": "float32", "sparse": false, "name": "input_14"}, "inbound_nodes": []}, {"name": "input_15", "class_name": "InputLayer", "config": {"batch_input_shape": [null, 3], "dtype": "float32", "sparse": false, "name": "input_15"}, "inbound_nodes": []}, {"name": "input_16", "class_name": "InputLayer", "config": {"batch_input_shape": [null, 4, 1], "dtype": "float32", "sparse": false, "name": "input_16"}, "inbound_nodes": []}, {"name": "model_1", "class_name": "Model", "config": {"name": "model_1", "layers": [{"name": "input_17", "class_name": "InputLayer", "config": {"batch_input_shape": [null, 3], "dtype": "float32", "sparse": false, "name": "input_17"}, "inbound_nodes": []}, {"name": "dense_1", "class_name": "Dense", "config": {"name": "dense_1", "trainable": true, "dtype": "float32", "units": 16, "activation": "relu", "use_bias": true, "kernel_initializer": {"class_name": "VarianceScaling", "config": {"scale": 1.0, "mode": "fan_avg", "distribution": "uniform", "seed": null}}, "bias_initializer": {"class_name": "Zeros", "config": {}}, "kernel_regularizer": null, "bias_regularizer": null, "activity_regularizer": null, "kernel_constraint": null, "bias_constraint": null}, "inbound_nodes": [[["input_17", 0, 0, {}]]]}], "input_layers": [["input_17", 0, 0]], "output_layers": [["dense_1", 0, 0]]}, "inbound_nodes": [[["input_1", 0, 0, {}]], [["input_2", 0, 0, {}]], [["input_3", 0, 0, {}]], [["input_4", 0, 0, {}]], [["input_5", 0, 0, {}]], [["input_6", 0, 0, {}]], [["input_7", 0, 0, {}]], [["input_8", 0, 0, {}]], [["input_9", 0, 0, {}]], [["input_10", 0, 0, {}]], [["input_11", 0, 0, {}]], [["input_12", 0, 0, {}]], [["input_13", 0, 0, {}]], [["input_14", 0, 0, {}]], [["input_15", 0, 0, {}]]]}, {"name": "model_2", "class_name": "Model", "config": {"name": "model_2", "layers": [{"name": "input_18", "class_name": "InputLayer", "config": {"batch_input_shape": [null, 4, 1], "dtype": "float32", "sparse": false, "name": "input_18"}, "inbound_nodes": []}, {"name": "bidirectional_1", "class_name": "Bidirectional", "config": {"name": "bidirectional_1", "trainable": true, "dtype": "float32", "layer": {"class_name": "LSTM", "config": {"name": "lstm_1", "trainable": true, "dtype": "float32", "return_sequences": true, "return_state": false, "go_backwards": false, "stateful": false, "unroll": false, "units": 1, "activation": "relu", "recurrent_activation": "hard_sigmoid", "use_bias": true, "kernel_initializer": {"class_name": "VarianceScaling", "config": {"scale": 1.0, "mode": "fan_avg", "distribution": "uniform", "seed": null}}, "recurrent_initializer": {"class_name": "Orthogonal", "config": {"gain": 1.0, "seed": null}}, "bias_initializer": {"class_name": "Zeros", "config": {}}, "unit_forget_bias": true, "kernel_regularizer": null, "recurrent_regularizer": null, "bias_regularizer": null, "activity_regularizer": null, "kernel_constraint": null, "recurrent_constraint": null, "bias_constraint": null, "dropout": 0.0, "recurrent_dropout": 0.0, "implementation": 1}}, "merge_mode": "concat"}, "inbound_nodes": [[["input_18", 0, 0, {}]]]}, {"name": "bidirectional_2", "class_name": "Bidirectional", "config": {"name": "bidirectional_2", "trainable": true, "dtype": "float32", "layer": {"class_name": "LSTM", "config": {"name": "lstm_2", "trainable": true, "dtype": "float32", "return_sequences": false, "return_state": false, "go_backwards": false, "stateful": false, "unroll": false, "units": 1, "activation": "relu", "recurrent_activation": "hard_sigmoid", "use_bias": true, "kernel_initializer": {"class_name": "VarianceScaling", "config": {"scale": 1.0, "mode": "fan_avg", "distribution": "uniform", "seed": null}}, "recurrent_initializer": {"class_name": "Orthogonal", "config": {"gain": 1.0, "seed": null}}, "bias_initializer": {"class_name": "Zeros", "config": {}}, "unit_forget_bias": true, "kernel_regularizer": null, "recurrent_regularizer": null, "bias_regularizer": null, "activity_regularizer": null, "kernel_constraint": null, "recurrent_constraint": null, "bias_constraint": null, "dropout": 0.0, "recurrent_dropout": 0.0, "implementation": 1}}, "merge_mode": "concat"}, "inbound_nodes": [[["bidirectional_1", 0, 0, {}]]]}], "input_layers": [["input_18", 0, 0]], "output_layers": [["bidirectional_2", 0, 0]]}, "inbound_nodes": [[["input_16", 0, 0, {}]]]}, {"name": "concatenate_1", "class_name": "Concatenate", "config": {"name": "concatenate_1", "trainable": true, "dtype": "float32", "axis": -1}, "inbound_nodes": [[["model_1", 1, 0, {}], ["model_1", 2, 0, {}], ["model_1", 3, 0, {}], ["model_1", 4, 0, {}], ["model_1", 5, 0, {}], ["model_1", 6, 0, {}], ["model_1", 7, 0, {}], ["model_1", 8, 0, {}], ["model_1", 9, 0, {}], ["model_1", 10, 0, {}], ["model_1", 11, 0, {}], ["model_1", 12, 0, {}], ["model_1", 13, 0, {}], ["model_1", 14, 0, {}], ["model_1", 15, 0, {}], ["model_2", 1, 0, {}]]]}, {"name": "dense_2", "class_name": "Dense", "config": {"name": "dense_2", "trainable": true, "dtype": "float32", "units": 50, "activation": "relu", "use_bias": true, "kernel_initializer": {"class_name": "VarianceScaling", "config": {"scale": 1.0, "mode": "fan_avg", "distribution": "uniform", "seed": null}}, "bias_initializer": {"class_name": "Zeros", "config": {}}, "kernel_regularizer": null, "bias_regularizer": null, "activity_regularizer": null, "kernel_constraint": null, "bias_constraint": null}, "inbound_nodes": [[["concatenate_1", 0, 0, {}]]]}, {"name": "dense_3", "class_name": "Dense", "config": {"name": "dense_3", "trainable": true, "dtype": "float32", "units": 1, "activation": "linear", "use_bias": true, "kernel_initializer": {"class_name": "VarianceScaling", "config": {"scale": 1.0, "mode": "fan_avg", "distribution": "uniform", "seed": null}}, "bias_initializer": {"class_name": "Zeros", "config": {}}, "kernel_regularizer": null, "bias_regularizer": null, "activity_regularizer": null, "kernel_constraint": null, "bias_constraint": null}, "inbound_nodes": [[["dense_2", 0, 0, {}]]]}], "input_layers": [["input_1", 0, 0], ["input_2", 0, 0], ["input_3", 0, 0], ["input_4", 0, 0], ["input_5", 0, 0], ["input_6", 0, 0], ["input_7", 0, 0], ["input_8", 0, 0], ["input_9", 0, 0], ["input_10", 0, 0], ["input_11", 0, 0], ["input_12", 0, 0], ["input_13", 0, 0], ["input_14", 0, 0], ["input_15", 0, 0], ["input_16", 0, 0]], "output_layers": [["dense_3", 0, 0]]}, "keras_version": "2.2.5", "backend": "tensorflow"}