Year,Month,Day,Rainfall
2011,05,01,27.6
2011,05,02,26.5
2011,05,03,27.9
2011,05,04,27.1
2011,05,05,28.8
2011,05,06,29.7
2011,05,07,30.0
2011,05,08,30.8
2011,05,09,30.9
2011,05,10,30.0
2011,05,11,29.8
2011,05,12,27.9
2011,05,13,28.6
2011,05,14,27.9
2011,05,15,29.3
2011,05,16,28.9
2011,05,17,29.1
2011,05,18,29.0
2011,05,19,29.3
2011,05,20,29.2
2011,05,21,28.6
2011,05,22,29.4
2011,05,23,29.7
2011,05,24,30.0
2011,05,25,28.6
2011,05,26,29.1
2011,05,27,28.8
2011,05,28,29.2
2011,05,29,29.0
2011,05,30,29.6
2011,05,31,28.7
2011,06,01,27.7
2011,06,02,28.9
2011,06,03,29.4
2011,06,04,28.7
2011,06,05,26.5
2011,06,06,26.8
2011,06,07,29.4
2011,06,08,29.8
2011,06,09,27.6
2011,06,10,29.4
2011,06,11,27.4
2011,06,12,28.6
2011,06,13,28.9
2011,06,14,29.1
2011,06,15,29.8
2011,06,16,28.1
2011,06,17,29.4
2011,06,18,27.7
2011,06,19,29.0
2011,06,20,29.6
2011,06,21,29.8
2011,06,22,29.6
2011,06,23,27.7
2011,06,24,29.4
2011,06,25,28.8
2011,06,26,29.3
2011,06,27,29.2
2011,06,28,29.1
2011,06,29,29.0
2011,06,30,26.5
2011,07,01,28.7
2011,07,02,29.4
2011,07,03,28.7
2011,07,04,29.1
2011,07,05,29.7
2011,07,06,29.7
2011,07,07,29.6
2011,07,08,29.8
2011,07,09,29.6
2011,07,10,28.9
2011,07,11,29.4
2011,07,12,28.0
2011,07,13,29.7
2011,07,14,29.7
2011,07,15,27.6
2011,07,16,27.0
2011,07,17,28.7
2011,07,18,29.4
2011,07,19,29.4
2011,07,20,29.5
2011,07,21,29.6
2011,07,22,27.9
2011,07,23,28.6
2011,07,24,29.3
2011,07,25,28.2
2011,07,26,28.7
2011,07,27,28.7
2011,07,28,29.2
2011,07,29,29.4
2011,07,30,29.3
2011,07,31,29.2
2011,08,01,29.2
2011,08,02,29.4
2011,08,03,28.8
2011,08,04,26.7
2011,08,05,28.8
2011,08,06,29.0
2011,08,07,27.4
2011,08,08,28.9
2011,08,09,29.3
2011,08,10,29.5
2011,08,11,29.5
2011,08,12,29.4
2011,08,13,28.8
2011,08,14,29.3
2011,08,15,26.3
2011,08,16,28.2
2011,08,17,28.7
2011,08,18,29.1
2011,08,19,29.6
2011,08,20,28.7
2011,08,21,28.9
2011,08,22,29.3
2011,08,23,29.0
2011,08,24,29.5
2011,08,25,29.1
2011,08,26,27.0
2011,08,27,26.3
2011,08,28,28.4
2011,08,29,27.5
2011,08,30,27.6
2011,08,31,28.8
2011,09,01,29.5
2011,09,02,29.6
2011,09,03,28.8
2011,09,04,29.1
2011,09,05,29.1
2011,09,06,29.3
2011,09,07,29.3
2011,09,08,29.0
2011,09,09,29.3
2011,09,10,27.8
2011,09,11,28.1
2011,09,12,29.0
2011,09,13,29.1
2011,09,14,28.0
2011,09,15,27.8
2011,09,16,28.8
2011,09,17,28.1
2011,09,18,28.5
2011,09,19,27.4
2011,09,20,27.0
2011,09,21,27.8
2011,09,22,26.2
2011,09,23,28.7
2011,09,24,29.5
2011,09,25,29.5
2011,09,26,27.4
2011,09,27,28.6
2011,09,28,28.2
2011,09,29,29.4
2011,09,30,28.3
2011,10,01,28.8
2011,10,02,27.9
2011,10,03,29.6
2011,10,04,26.0
2011,10,05,27.8
2011,10,06,28.0
2011,10,07,27.6
2011,10,08,28.0
2011,10,09,27.6
2011,10,10,28.1
2011,10,11,26.6
2011,10,12,26.7
2011,10,13,28.5
2011,10,14,29.4
2011,10,15,29.6
2011,10,16,29.3
2011,10,17,28.8
2011,10,18,27.7
2011,10,19,26.7
2011,10,20,26.5
2011,10,21,26.5
2011,10,22,27.2
2011,10,23,27.8
2011,10,24,28.8
2011,10,25,28.2
2011,10,26,26.9
2011,10,27,26.1
2011,10,28,27.6
2011,10,29,28.3
2011,10,30,29.0
2011,10,31,27.5
2011,11,01,27.6
2011,11,02,26.8
2011,11,03,26.9
2011,11,04,26.6
2011,11,05,28.1
2011,11,06,27.5
2011,11,07,28.8
2011,11,08,28.1
2011,11,09,28.4
2011,11,10,28.2
2011,11,11,27.8
2011,11,12,26.2
2011,11,13,26.6
2011,11,14,26.6
2011,11,15,27.5
2011,11,16,27.2
2011,11,17,27.8
2011,11,18,27.0
2011,11,19,27.4
2011,11,20,27.1
2011,11,21,27.4
2011,11,22,28.0
2011,11,23,26.8
2011,11,24,26.9
2011,11,25,27.8
2011,11,26,27.6
2011,11,27,28.0
2011,11,28,27.1
2011,11,29,27.1
2011,11,30,27.2
2011,12,01,27.2
2011,12,02,25.9
2011,12,03,26.0
2011,12,04,26.8
2011,12,05,26.7
2011,12,06,28.1
2011,12,07,27.4
2011,12,08,27.3
2011,12,09,27.4
2011,12,10,27.9
2011,12,11,25.6
2011,12,12,26.3
2011,12,13,27.5
2011,12,14,27.6
2011,12,15,27.9
2011,12,16,27.7
2011,12,17,26.8
2011,12,18,26.3
2011,12,19,25.3
2011,12,20,26.4
2011,12,21,27.4
2011,12,22,26.1
2011,12,23,26.4
2011,12,24,26.7
2011,12,25,26.4
2011,12,26,27.2
2011,12,27,27.3
2011,12,28,26.4
2011,12,29,26.4
2011,12,30,27.4
2011,12,31,28.1
2012,01,01,27.5
2012,01,02,27.6
2012,01,03,27.5
2012,01,04,27.4
2012,01,05,27.4
2012,01,06,27.8
2012,01,07,27.4
2012,01,08,25.7
2012,01,09,26.2
2012,01,10,25.7
2012,01,11,26.7
2012,01,12,26.7
2012,01,13,27.0
2012,01,14,27.7
2012,01,15,27.9
2012,01,16,28.2
2012,01,17,28.1
2012,01,18,27.6
2012,01,19,28.0
2012,01,20,26.1
2012,01,21,26.4
2012,01,22,26.9
2012,01,23,26.0
2012,01,24,26.8
2012,01,25,27.8
2012,01,26,27.4
2012,01,27,27.3
2012,01,28,26.7
2012,01,29,27.5
2012,01,30,27.6
2012,01,31,26.4
2012,02,01,27.3
2012,02,02,25.9
2012,02,03,25.6
2012,02,04,26.6
2012,02,05,27.8
2012,02,06,27.7
2012,02,07,27.6
2012,02,08,27.9
2012,02,09,27.3
2012,02,10,27.6
2012,02,11,28.1
2012,02,12,28.2
2012,02,13,27.1
2012,02,14,27.9
2012,02,15,27.3
2012,02,16,27.6
2012,02,17,27.0
2012,02,18,26.0
2012,02,19,26.5
2012,02,20,27.1
2012,02,21,27.3
2012,02,22,27.8
2012,02,23,28.3
2012,02,24,28.5
2012,02,25,28.6
2012,02,26,28.3
2012,02,27,28.0
2012,02,28,28.6
2012,02,29,28.4
2012,03,01,27.4
2012,03,02,25.9
2012,03,03,27.6
2012,03,04,28.4
2012,03,05,26.2
2012,03,06,28.1
2012,03,07,28.1
2012,03,08,28.0
2012,03,09,27.3
2012,03,10,27.6
2012,03,11,27.0
2012,03,12,26.1
2012,03,13,27.0
2012,03,14,25.0
2012,03,15,27.1
2012,03,16,28.5
2012,03,17,27.8
2012,03,18,27.3
2012,03,19,27.9
2012,03,20,28.4
2012,03,21,28.2
2012,03,22,27.5
2012,03,23,28.1
2012,03,24,28.4
2012,03,25,27.5
2012,03,26,27.7
2012,03,27,27.7
2012,03,28,27.9
2012,03,29,27.9
2012,03,30,27.3
2012,03,31,26.5
2012,04,01,29.3
2012,04,02,27.6
2012,04,03,28.3
2012,04,04,28.0
2012,04,05,28.2
2012,04,06,27.2
2012,04,07,27.5
2012,04,08,27.7
2012,04,09,27.5
2012,04,10,26.7
2012,04,11,27.1
2012,04,12,28.1
2012,04,13,29.4
2012,04,14,28.1
2012,04,15,28.0
2012,04,16,28.8
2012,04,17,28.0
2012,04,18,29.3
2012,04,19,27.1
2012,04,20,29.4
2012,04,21,27.5
2012,04,22,28.5
2012,04,23,29.1
2012,04,24,27.2
2012,04,25,29.1
2012,04,26,29.6
2012,04,27,29.7
2012,04,28,29.8
2012,04,29,29.6
2012,04,30,28.8
2012,05,01,28.7
2012,05,02,27.7
2012,05,03,29.5
2012,05,04,29.3
2012,05,05,27.9
2012,05,06,27.6
2012,05,07,26.8
2012,05,08,29.6
2012,05,09,28.0
2012,05,10,28.8
2012,05,11,29.1
2012,05,12,30.2
2012,05,13,28.0
2012,05,14,30.6
2012,05,15,29.7
2012,05,16,29.0
2012,05,17,27.7
2012,05,18,29.7
2012,05,19,30.3
2012,05,20,29.5
2012,05,21,29.5
2012,05,22,30.0
2012,05,23,28.1
2012,05,24,29.7
2012,05,25,29.0
2012,05,26,28.9
2012,05,27,27.6
2012,05,28,29.5
2012,05,29,28.8
2012,05,30,29.2
2012,05,31,28.9
2012,06,01,28.4
2012,06,02,29.1
2012,06,03,28.7
2012,06,04,29.7
2012,06,05,29.7
2012,06,06,29.6
2012,06,07,30.8
2012,06,08,29.5
2012,06,09,27.1
2012,06,10,29.5
2012,06,11,29.7
2012,06,12,29.6
2012,06,13,30.1
2012,06,14,30.2
2012,06,15,30.2
2012,06,16,30.0
2012,06,17,30.0
2012,06,18,30.0
2012,06,19,29.4
2012,06,20,29.5
2012,06,21,28.6
2012,06,22,29.6
2012,06,23,30.2
2012,06,24,30.2
2012,06,25,29.8
2012,06,26,29.7
2012,06,27,28.8
2012,06,28,29.2
2012,06,29,29.5
2012,06,30,28.6
2012,07,01,28.9
2012,07,02,28.7
2012,07,03,27.5
2012,07,04,27.9
2012,07,05,26.5
2012,07,06,28.6
2012,07,07,28.1
2012,07,08,28.2
2012,07,09,28.8
2012,07,10,28.0
2012,07,11,28.0
2012,07,12,28.5
2012,07,13,29.0
2012,07,14,27.0
2012,07,15,28.1
2012,07,16,27.4
2012,07,17,27.4
2012,07,18,27.8
2012,07,19,27.4
2012,07,20,28.4
2012,07,21,29.2
2012,07,22,29.5
2012,07,23,29.6
2012,07,24,29.5
2012,07,25,29.4
2012,07,26,29.7
2012,07,27,29.4
2012,07,28,28.5
2012,07,29,28.8
2012,07,30,29.2
2012,07,31,29.3
2012,08,01,28.8
2012,08,02,29.3
2012,08,03,28.1
2012,08,04,27.7
2012,08,05,28.7
2012,08,06,28.4
2012,08,07,28.9
2012,08,08,29.1
2012,08,09,29.1
2012,08,10,29.4
2012,08,11,29.5
2012,08,12,29.3
2012,08,13,29.4
2012,08,14,29.6
2012,08,15,29.4
2012,08,16,29.0
2012,08,17,27.9
2012,08,18,28.5
2012,08,19,29.0
2012,08,20,29.4
2012,08,21,28.8
2012,08,22,28.4
2012,08,23,27.9
2012,08,24,29.1
2012,08,25,29.2
2012,08,26,29.0
2012,08,27,27.6
2012,08,28,26.9
2012,08,29,28.2
2012,08,30,27.0
2012,08,31,27.0
2012,09,01,29.4
2012,09,02,29.3
2012,09,03,29.2
2012,09,04,29.2
2012,09,05,26.8
2012,09,06,27.9
2012,09,07,27.5
2012,09,08,28.2
2012,09,09,26.9
2012,09,10,27.3
2012,09,11,28.2
2012,09,12,28.9
2012,09,13,28.8
2012,09,14,28.8
2012,09,15,29.3
2012,09,16,29.5
2012,09,17,29.1
2012,09,18,29.8
2012,09,19,29.6
2012,09,20,29.5
2012,09,21,28.4
2012,09,22,28.6
2012,09,23,29.4
2012,09,24,29.1
2012,09,25,28.5
2012,09,26,27.5
2012,09,27,28.7
2012,09,28,29.0
2012,09,29,28.9
2012,09,30,28.3
2012,10,01,29.2
2012,10,02,29.1
2012,10,03,30.1
2012,10,04,29.5
2012,10,05,28.4
2012,10,06,28.7
2012,10,07,27.7
2012,10,08,29.3
2012,10,09,29.0
2012,10,10,28.6
2012,10,11,28.3
2012,10,12,28.5
2012,10,13,27.2
2012,10,14,27.6
2012,10,15,28.7
2012,10,16,28.1
2012,10,17,27.4
2012,10,18,27.0
2012,10,19,26.6
2012,10,20,27.0
2012,10,21,26.6
2012,10,22,28.0
2012,10,23,29.1
2012,10,24,29.6
2012,10,25,29.3
2012,10,26,29.4
2012,10,27,29.2
2012,10,28,29.2
2012,10,29,29.0
2012,10,30,28.3
2012,10,31,27.2
2012,11,01,27.1
2012,11,02,28.4
2012,11,03,26.5
2012,11,04,26.8
2012,11,05,27.0
2012,11,06,27.0
2012,11,07,28.4
2012,11,08,27.7
2012,11,09,27.4
2012,11,10,27.5
2012,11,11,28.4
2012,11,12,27.3
2012,11,13,26.9
2012,11,14,26.9
2012,11,15,28.2
2012,11,16,28.7
2012,11,17,27.8
2012,11,18,27.4
2012,11,19,27.6
2012,11,20,28.7
2012,11,21,27.9
2012,11,22,27.3
2012,11,23,27.6
2012,11,24,28.0
2012,11,25,27.1
2012,11,26,27.9
2012,11,27,27.3
2012,11,28,28.1
2012,11,29,27.9
2012,11,30,28.7
2012,12,01,27.6
2012,12,02,28.0
2012,12,03,26.5
2012,12,04,27.1
2012,12,05,27.1
2012,12,06,27.5
2012,12,07,28.5
2012,12,08,28.5
2012,12,09,27.9
2012,12,10,27.2
2012,12,11,27.0
2012,12,12,26.4
2012,12,13,25.9
2012,12,14,27.6
2012,12,15,27.8
2012,12,16,26.6
2012,12,17,26.8
2012,12,18,25.9
2012,12,19,26.4
2012,12,20,27.6
2012,12,21,28.3
2012,12,22,27.4
2012,12,23,27.5
2012,12,24,27.1
2012,12,25,25.7
2012,12,26,26.9
2012,12,27,27.3
2012,12,28,27.6
2012,12,29,27.4
2012,12,30,27.7
2012,12,31,25.8
2013,01,01,27.3
2013,01,02,27.0
2013,01,03,27.3
2013,01,04,27.7
2013,01,05,28.2
2013,01,06,28.6
2013,01,07,30.0
2013,01,08,28.0
2013,01,09,27.4
2013,01,10,27.7
2013,01,11,28.0
2013,01,12,27.8
2013,01,13,27.1
2013,01,14,27.6
2013,01,15,27.6
2013,01,16,27.4
2013,01,17,27.7
2013,01,18,27.6
2013,01,19,24.2
2013,01,20,25.0
2013,01,21,27.2
2013,01,22,26.4
2013,01,23,27.7
2013,01,24,27.6
2013,01,25,27.5
2013,01,26,27.6
2013,01,27,27.6
2013,01,28,27.6
2013,01,29,27.5
2013,01,30,27.8
2013,01,31,27.9
2013,02,01,28.1
2013,02,02,28.5
2013,02,03,26.6
2013,02,04,27.0
2013,02,05,26.8
2013,02,06,26.0
2013,02,07,26.9
2013,02,08,26.3
2013,02,09,26.8
2013,02,10,25.2
2013,02,11,26.1
2013,02,12,26.4
2013,02,13,27.4
2013,02,14,25.4
2013,02,15,25.9
2013,02,16,26.3
2013,02,17,25.4
2013,02,18,26.7
2013,02,19,26.8
2013,02,20,27.7
2013,02,21,27.1
2013,02,22,28.0
2013,02,23,28.5
2013,02,24,28.2
2013,02,25,27.5
2013,02,26,27.2
2013,02,27,27.6
2013,02,28,28.0
2013,03,01,28.5
2013,03,02,28.2
2013,03,03,28.2
2013,03,04,28.4
2013,03,05,28.0
2013,03,06,28.1
2013,03,07,28.3
2013,03,08,28.5
2013,03,09,27.8
2013,03,10,27.2
2013,03,11,28.0
2013,03,12,28.2
2013,03,13,28.0
2013,03,14,27.6
2013,03,15,28.5
2013,03,16,28.8
2013,03,17,27.9
2013,03,18,28.6
2013,03,19,28.7
2013,03,20,29.1
2013,03,21,29.7
2013,03,22,28.8
2013,03,23,28.9
2013,03,24,28.8
2013,03,25,28.7
2013,03,26,28.4
2013,03,27,29.4
2013,03,28,29.2
2013,03,29,28.7
2013,03,30,28.9
2013,03,31,29.2
2013,04,01,29.0
2013,04,02,29.1
2013,04,03,28.9
2013,04,04,28.3
2013,04,05,29.9
2013,04,06,28.3
2013,04,07,28.8
2013,04,08,29.2
2013,04,09,28.9
2013,04,10,29.3
2013,04,11,28.1
2013,04,12,29.3
2013,04,13,29.5
2013,04,14,26.6
2013,04,15,29.8
2013,04,16,29.7
2013,04,17,28.8
2013,04,18,30.7
2013,04,19,27.9
2013,04,20,30.1
2013,04,21,27.5
2013,04,22,29.0
2013,04,23,28.9
2013,04,24,29.3
2013,04,25,29.6
2013,04,26,27.6
2013,04,27,28.7
2013,04,28,27.0
2013,04,29,28.8
2013,04,30,29.9
2013,05,01,29.3
2013,05,02,29.4
2013,05,03,28.9
2013,05,04,29.6
2013,05,05,28.3
2013,05,06,28.7
2013,05,07,27.8
2013,05,08,28.1
2013,05,09,28.6
2013,05,10,29.2
2013,05,11,28.7
2013,05,12,30.4
2013,05,13,31.0
2013,05,14,29.8
2013,05,15,29.6
2013,05,16,27.8
2013,05,17,30.5
2013,05,18,28.7
2013,05,19,30.3
2013,05,20,29.6
2013,05,21,28.8
2013,05,22,28.6
2013,05,23,29.4
2013,05,24,27.9
2013,05,25,29.6
2013,05,26,27.9
2013,05,27,29.1
2013,05,28,29.5
2013,05,29,27.9
2013,05,30,27.8
2013,05,31,28.1
2013,06,01,28.3
2013,06,02,29.4
2013,06,03,28.7
2013,06,04,28.5
2013,06,05,27.6
2013,06,07,28.6
2013,06,08,28.6
2013,06,09,28.4
2013,06,10,29.6
2013,06,11,30.1
2013,06,12,30.7
2013,06,13,30.9
2013,06,14,31.1
2013,06,15,31.1
2013,06,16,31.0
2013,06,17,30.2
2013,06,18,31.2
2013,06,19,31.5
2013,06,20,30.9
2013,06,21,30.8
2013,06,22,31.4
2013,06,23,31.2
2013,06,24,31.0
2013,06,25,29.9
2013,06,26,28.5
2013,06,27,29.9
2013,06,28,29.7
2013,06,29,29.9
2013,06,30,28.2
2013,07,01,29.4
2013,07,02,28.4
2013,07,03,29.1
2013,07,04,28.1
2013,07,05,27.9
2013,07,06,29.5
2013,07,07,29.9
2013,07,08,29.6
2013,07,09,26.8
2013,07,10,28.9
2013,07,11,28.2
2013,07,12,28.4
2013,07,13,28.4
2013,07,14,27.8
2013,07,15,27.8
2013,07,16,28.6
2013,07,17,27.3
2013,07,18,27.2
2013,07,19,28.7
2013,07,20,29.4
2013,07,21,29.9
2013,07,22,29.8
2013,07,23,30.0
2013,07,24,29.9
2013,07,25,28.6
2013,07,26,27.8
2013,07,27,26.2
2013,07,28,28.7
2013,07,29,28.1
2013,07,30,28.8
2013,07,31,28.9
2013,08,01,27.6
2013,08,02,27.7
2013,08,03,29.5
2013,08,04,28.6
2013,08,05,27.4
2013,08,06,29.1
2013,08,07,28.8
2013,08,08,27.6
2013,08,09,28.4
2013,08,10,27.8
2013,08,11,27.3
2013,08,12,27.8
2013,08,13,27.1
2013,08,14,28.3
2013,08,15,29.1
2013,08,16,28.8
2013,08,17,28.3
2013,08,18,28.7
2013,08,19,28.9
2013,08,20,28.2
2013,08,21,29.0
2013,08,22,29.4
2013,08,23,29.6
2013,08,24,29.6
2013,08,25,29.5
2013,08,26,28.5
2013,08,27,29.4
2013,08,28,28.2
2013,08,29,28.4
2013,08,30,28.7
2013,08,31,29.5
2013,09,01,28.4
2013,09,02,27.9
2013,09,03,27.6
2013,09,04,26.9
2013,09,05,26.3
2013,09,06,26.5
2013,09,07,26.1
2013,09,08,26.9
2013,09,09,27.0
2013,09,10,26.0
2013,09,11,28.1
2013,09,12,29.1
2013,09,13,28.7
2013,09,14,29.1
2013,09,15,26.5
2013,09,16,28.3
2013,09,17,28.0
2013,09,18,29.1
2013,09,19,29.4
2013,09,20,29.6
2013,09,21,29.7
2013,09,22,29.8
2013,09,23,29.8
2013,09,24,30.0
2013,09,25,28.1
2013,09,26,27.2
2013,09,27,28.8
2013,09,28,29.1
2013,09,29,28.3
2013,09,30,28.1
2013,10,01,29.5
2013,10,02,27.6
2013,10,03,28.3
2013,10,04,28.9
2013,10,05,28.6
2013,10,06,28.9
2013,10,07,29.1
2013,10,08,30.1
2013,10,09,28.6
2013,10,10,28.7
2013,10,11,27.8
2013,10,12,28.4
2013,10,13,28.8
2013,10,14,27.9
2013,10,15,27.5
2013,10,16,29.7
2013,10,17,29.5
2013,10,18,29.1
2013,10,19,28.3
2013,10,20,27.0
2013,10,21,27.8
2013,10,22,27.7
2013,10,23,28.5
2013,10,24,28.2
2013,10,25,28.8
2013,10,26,28.4
2013,10,27,26.9
2013,10,28,26.6
2013,10,29,27.9
2013,10,30,27.4
2013,10,31,27.8
2013,11,01,27.5
2013,11,02,27.2
2013,11,03,27.8
2013,11,04,27.3
2013,11,05,27.5
2013,11,06,27.5
2013,11,07,29.0
2013,11,08,28.5
2013,11,09,27.2
2013,11,10,27.5
2013,11,11,28.0
2013,11,12,26.0
2013,11,13,27.9
2013,11,14,27.1
2013,11,15,27.0
2013,11,16,27.9
2013,11,17,26.5
2013,11,18,27.6
2013,11,19,28.2
2013,11,20,28.0
2013,11,21,29.0
2013,11,22,28.4
2013,11,23,27.4
2013,11,24,27.5
2013,11,25,27.3
2013,11,26,27.2
2013,11,27,28.1
2013,11,28,27.1
2013,11,29,27.6
2013,11,30,27.1
2013,12,01,26.5
2013,12,02,25.2
2013,12,03,25.9
2013,12,04,25.9
2013,12,05,26.9
2013,12,06,25.6
2013,12,07,27.2
2013,12,08,25.5
2013,12,09,27.0
2013,12,10,27.6
2013,12,11,27.3
2013,12,12,27.5
2013,12,13,28.1
2013,12,14,27.2
2013,12,15,26.8
2013,12,16,28.6
2013,12,17,28.6
2013,12,18,26.8
2013,12,19,26.2
2013,12,20,26.0
2013,12,21,26.7
2013,12,22,27.2
2013,12,23,26.1
2013,12,24,27.5
2013,12,25,27.6
2013,12,26,26.7
2013,12,27,27.1
2013,12,28,26.7
2013,12,29,26.6
2013,12,30,27.1
2013,12,31,26.4
2014,01,01,27.1
2014,01,02,27.6
2014,01,03,27.4
2014,01,04,27.1
2014,01,05,25.3
2014,01,06,25.7
2014,01,07,27.2
2014,01,08,27.7
2014,01,09,26.4
2014,01,10,27.4
2014,01,11,27.3
2014,01,12,26.6
2014,01,13,27.1
2014,01,14,26.9
2014,01,15,26.1
2014,01,16,26.2
2014,01,17,26.4
2014,01,18,26.4
2014,01,19,26.4
2014,01,20,26.4
2014,01,21,26.1
2014,01,22,26.0
2014,01,23,26.0
2014,01,24,26.0
2014,01,25,25.9
2014,01,26,25.8
2014,01,27,25.9
2014,01,28,26.6
2014,01,29,26.7
2014,01,30,26.4
2014,01,31,26.3
2014,02,01,26.3
2014,02,02,26.1
2014,02,03,26.6
2014,02,04,26.8
2014,02,05,26.4
2014,02,06,26.6
2014,02,07,26.9
2014,02,08,26.7
2014,02,09,27.3
2014,02,10,27.9
2014,02,11,27.7
2014,02,12,27.6
2014,02,13,28.1
2014,02,14,27.7
2014,02,15,27.7
2014,02,16,27.7
2014,02,17,27.6
2014,02,18,27.8
2014,02,19,27.5
2014,02,20,27.7
2014,02,21,27.6
2014,02,22,28.0
2014,02,23,27.5
2014,02,24,27.2
2014,02,25,27.1
2014,02,26,27.4
2014,02,27,27.8
2014,02,28,27.6
2014,03,01,27.6
2014,03,02,28.1
2014,03,03,27.8
2014,03,04,28.0
2014,03,05,28.0
2014,03,06,27.5
2014,03,07,27.8
2014,03,08,27.9
2014,03,09,27.7
2014,03,10,27.6
2014,03,11,28.4
2014,03,12,28.2
2014,03,13,28.4
2014,03,14,28.8
2014,03,15,28.6
2014,03,16,26.4
2014,03,17,26.5
2014,03,18,27.3
2014,03,19,27.7
2014,03,20,27.7
2014,03,21,28.0
2014,03,22,27.7
2014,03,23,28.1
2014,03,24,28.3
2014,03,25,28.7
2014,03,26,28.9
2014,03,27,29.3
2014,03,28,29.0
2014,03,29,28.5
2014,03,30,28.9
2014,03,31,29.4
2014,04,01,29.2
2014,04,02,29.6
2014,04,03,30.1
2014,04,04,28.9
2014,04,05,26.7
2014,04,06,28.6
2014,04,07,29.2
2014,04,08,28.4
2014,04,09,28.4
2014,04,10,28.6
2014,04,11,28.0
2014,04,12,27.4
2014,04,13,28.7
2014,04,14,28.5
2014,04,15,28.8
2014,04,16,28.8
2014,04,17,28.4
2014,04,18,28.2
2014,04,19,29.4
2014,04,20,28.7
2014,04,21,27.6
2014,04,22,28.4
2014,04,23,28.7
2014,04,24,28.7
2014,04,25,28.9
2014,04,26,29.3
2014,04,27,29.3
2014,04,28,29.3
2014,04,29,29.1
2014,04,30,28.9
2014,05,01,29.0
2014,05,02,30.2
2014,05,03,30.1
2014,05,04,29.9
2014,05,05,29.9
2014,05,06,30.0
2014,05,07,28.2
2014,05,08,27.9
2014,05,09,29.4
2014,05,10,30.6
2014,05,11,29.7
2014,05,12,29.2
2014,05,13,30.3
2014,05,14,29.0
2014,05,15,30.2
2014,05,16,29.4
2014,05,17,29.2
2014,05,18,27.0
2014,05,19,27.7
2014,05,20,28.1
2014,05,21,28.0
2014,05,22,29.3
2014,05,23,27.9
2014,05,24,29.1
2014,05,25,30.0
2014,05,26,29.5
2014,05,27,28.6
2014,05,28,29.5
2014,05,29,29.5
2014,05,30,28.5
2014,05,31,29.4
2014,06,01,29.0
2014,06,02,29.5
2014,06,03,30.0
2014,06,04,28.6
2014,06,05,27.7
2014,06,06,27.6
2014,06,07,29.4
2014,06,08,30.5
2014,06,09,30.2
2014,06,10,30.1
2014,06,11,30.5
2014,06,12,29.7
2014,06,13,30.4
2014,06,14,28.3
2014,06,15,29.9
2014,06,16,30.7
2014,06,17,30.9
2014,06,18,29.4
2014,06,19,29.6
2014,06,20,30.8
2014,06,21,31.3
2014,06,22,30.4
2014,06,23,30.6
2014,06,24,30.0
2014,06,25,29.3
2014,06,26,30.0
2014,06,27,28.3
2014,06,28,29.4
2014,06,29,29.6
2014,06,30,27.9
2014,07,01,29.1
2014,07,02,29.5
2014,07,03,29.3
2014,07,04,28.9
2014,07,05,28.4
2014,07,06,29.4
2014,07,07,29.2
2014,07,08,28.5
2014,07,09,28.0
2014,07,10,29.4
2014,07,11,28.7
2014,07,12,28.3
2014,07,13,29.6
2014,07,14,30.6
2014,07,15,30.2
2014,07,16,30.1
2014,07,17,28.7
2014,07,18,29.6
2014,07,19,29.5
2014,07,20,29.8
2014,07,21,30.1
2014,07,22,30.3
2014,07,23,30.2
2014,07,24,30.1
2014,07,25,30.4
2014,07,26,30.4
2014,07,27,28.7
2014,07,28,29.6
2014,07,29,28.0
2014,07,30,28.0
2014,07,31,28.2
2014,08,01,29.4
2014,08,02,29.0
2014,08,03,29.4
2014,08,04,29.4
2014,08,05,27.1
2014,08,06,28.3
2014,08,07,28.3
2014,08,08,28.4
2014,08,09,29.4
2014,08,10,28.8
2014,08,11,28.5
2014,08,12,27.7
2014,08,13,27.0
2014,08,14,27.5
2014,08,15,27.0
2014,08,16,28.7
2014,08,17,29.0
2014,08,18,29.1
2014,08,19,28.7
2014,08,20,28.5
2014,08,21,28.3
2014,08,22,29.3
2014,08,23,29.3
2014,08,24,28.3
2014,08,25,27.4
2014,08,26,27.5
2014,08,27,27.6
2014,08,28,27.0
2014,08,29,27.5
2014,08,30,28.1
2014,08,31,28.8
2014,09,01,29.8
2014,09,02,29.3
2014,09,03,27.3
2014,09,04,28.6
2014,09,05,28.8
2014,09,06,28.0
2014,09,07,28.8
2014,09,08,29.8
2014,09,09,29.0
2014,09,10,29.6
2014,09,11,27.7
2014,09,12,28.8
2014,09,13,29.6
2014,09,14,29.8
2014,09,15,29.8
2014,09,16,29.7
2014,09,17,29.3
2014,09,18,29.6
2014,09,19,29.9
2014,09,20,28.3
2014,09,21,28.5
2014,09,22,29.6
2014,09,23,29.8
2014,09,24,29.5
2014,09,25,27.1
2014,09,26,29.3
2014,09,27,29.7
2014,09,28,29.7
2014,09,29,29.7
2014,09,30,29.9
2014,10,01,29.9
2014,10,02,29.7
2014,10,03,29.7
2014,10,04,28.1
2014,10,05,27.8
2014,10,06,29.0
2014,10,07,29.9
2014,10,08,29.9
2014,10,09,29.9
2014,10,10,30.3
2014,10,11,29.4
2014,10,12,29.0
2014,10,13,29.6
2014,10,14,28.4
2014,10,15,29.3
2014,10,16,27.9
2014,10,17,28.6
2014,10,18,27.5
2014,10,19,28.3
2014,10,20,29.7
2014,10,21,27.7
2014,10,22,26.8
2014,10,23,29.0
2014,10,24,29.6
2014,10,25,30.0
2014,10,26,29.7
2014,10,27,28.0
2014,10,28,28.2
2014,10,29,29.7
2014,10,30,28.9
2014,10,31,28.2
2014,11,01,28.8
2014,11,02,29.8
2014,11,03,30.3
2014,11,04,30.5
2014,11,05,28.4
2014,11,06,26.9
2014,11,07,27.1
2014,11,08,27.7
2014,11,09,27.6
2014,11,10,28.0
2014,11,11,27.0
2014,11,12,27.5
2014,11,13,27.3
2014,11,14,28.1
2014,11,15,27.7
2014,11,16,27.0
2014,11,17,26.6
2014,11,18,25.8
2014,11,19,27.9
2014,11,20,27.8
2014,11,21,27.8
2014,11,22,28.5
2014,11,23,27.6
2014,11,24,27.9
2014,11,25,27.9
2014,11,26,27.3
2014,11,27,27.9
2014,11,28,28.4
2014,11,29,26.6
2014,11,30,28.3
2014,12,01,27.0
2014,12,02,28.8
2014,12,03,29.5
2014,12,04,26.6
2014,12,05,28.8
2014,12,06,27.6
2014,12,07,27.3
2014,12,08,27.1
2014,12,09,28.1
2014,12,10,28.6
2014,12,11,27.8
2014,12,12,28.6
2014,12,13,28.2
2014,12,14,28.9
2014,12,15,28.3
2014,12,16,27.3
2014,12,17,26.7
2014,12,18,28.0
2014,12,19,25.5
2014,12,20,27.1
2014,12,21,27.6
2014,12,22,27.2
2014,12,23,26.8
2014,12,24,26.9
2014,12,25,27.7
2014,12,26,25.4
2014,12,27,26.0
2014,12,28,26.6
2014,12,29,26.1
2014,12,30,25.8
2014,12,31,26.7
2015,01,01,26.3
2015,01,02,27.3
2015,01,03,27.5
2015,01,04,28.1
2015,01,05,28.3
2015,01,06,27.2
2015,01,07,27.2
2015,01,08,26.3
2015,01,09,25.4
2015,01,10,26.4
2015,01,11,27.1
2015,01,12,27.8
2015,01,13,27.7
2015,01,14,27.7
2015,01,15,27.6
2015,01,16,27.3
2015,01,17,27.3
2015,01,18,27.1
2015,01,19,27.0
2015,01,20,26.9
2015,01,21,26.4
2015,01,22,27.0
2015,01,23,26.7
2015,01,24,26.8
2015,01,25,26.9
2015,01,26,27.1
2015,01,27,27.3
2015,01,28,27.4
2015,01,29,27.0
2015,01,30,27.2
2015,01,31,27.4
2015,02,01,26.9
2015,02,02,26.6
2015,02,03,26.6
2015,02,04,26.0
2015,02,05,27.2
2015,02,06,26.2
2015,02,07,26.7
2015,02,08,26.6
2015,02,09,26.8
2015,02,14,26.7
2015,02,15,27.2
2015,02,16,27.5
2015,02,17,27.5
2015,02,18,27.9
2015,02,19,26.8
2015,02,20,27.4
2015,02,21,27.2
2015,02,22,27.3
2015,02,23,27.6
2015,02,24,27.3
2015,02,25,27.5
2015,02,26,27.5
2015,02,27,27.9
2015,02,28,28.2
2015,03,01,28.7
2015,03,02,28.2
2015,03,03,28.5
2015,03,04,27.5
2015,03,05,28.0
2015,03,06,28.1
2015,03,07,28.4
2015,03,08,28.3
2015,03,09,28.4
2015,03,10,28.3
2015,03,11,26.2
2015,03,12,27.5
2015,03,13,27.7
2015,03,14,28.0
2015,03,15,27.9
2015,03,16,27.9
2015,03,17,28.3
2015,03,18,28.4
2015,03,19,28.2
2015,03,20,28.8
2015,03,21,28.8
2015,03,22,27.3
2015,03,23,28.3
2015,03,24,28.4
2015,03,25,28.9
2015,03,26,28.9
2015,03,27,28.9
2015,03,28,28.7
2015,03,29,27.1
2015,03,30,28.8
2015,03,31,28.3
2015,04,01,27.8
2015,04,02,27.6
2015,04,03,28.0
2015,04,04,29.3
2015,04,05,28.5
2015,04,06,28.8
2015,04,07,28.9
2015,04,08,29.4
2015,04,09,29.1
2015,04,10,29.3
2015,04,11,28.6
2015,04,12,28.9
2015,04,13,29.4
2015,04,14,29.4
2015,04,15,29.3
2015,04,16,29.5
2015,04,17,29.7
2015,04,18,29.8
2015,04,19,28.8
2015,04,20,29.6
2015,04,21,28.4
2015,04,22,28.8
2015,04,23,28.9
2015,04,24,28.2
2015,04,25,27.9
2015,04,26,28.1
2015,04,27,28.1
2015,04,28,28.3
2015,04,29,28.8
2015,04,30,27.7
2015,05,01,28.2
2015,05,02,28.4
2015,05,03,27.2
2015,05,04,27.9
2015,05,05,29.0
2015,05,06,29.0
2015,05,07,29.7
2015,05,08,29.4
2015,05,09,29.8
2015,05,10,30.0
2015,05,11,30.7
2015,05,12,30.2
2015,05,13,29.9
2015,05,14,29.9
2015,05,15,27.7
2015,05,16,29.0
2015,05,17,29.5
2015,05,18,28.9
2015,05,19,30.0
2015,05,20,29.4
2015,05,21,29.9
2015,05,22,29.4
2015,05,23,27.5
2015,05,24,29.2
2015,05,25,29.4
2015,05,26,29.2
2015,05,27,28.9
2015,05,28,29.7
2015,05,29,30.6
2015,05,30,30.5
2015,05,31,30.3
2015,06,01,30.1
2015,06,02,30.1
2015,06,03,29.6
2015,06,04,30.1
2015,06,05,29.8
2015,06,06,28.6
2015,06,07,28.6
2015,06,08,28.9
2015,06,09,28.8
2015,06,10,29.6
2015,06,11,29.1
2015,06,12,27.6
2015,06,13,28.7
2015,06,14,27.3
2015,06,15,28.4
2015,06,16,28.0
2015,06,17,28.8
2015,06,18,29.9
2015,06,19,29.9
2015,06,20,30.2
2015,06,21,30.4
2015,06,22,30.6
2015,06,23,30.4
2015,06,24,30.4
2015,06,25,30.3
2015,06,26,30.1
2015,06,27,30.3
2015,06,28,30.3
2015,06,29,30.5
2015,06,30,30.3
2015,07,01,29.0
2015,07,02,29.8
2015,07,03,29.9
2015,07,04,27.9
2015,07,05,29.7
2015,07,06,29.9
2015,07,07,29.9
2015,07,08,29.1
2015,07,09,29.9
2015,07,10,29.3
2015,07,11,29.9
2015,07,12,29.9
2015,07,13,29.8
2015,07,14,28.8
2015,07,15,29.7
2015,07,16,29.9
2015,07,17,29.9
2015,07,18,30.1
2015,07,19,29.8
2015,07,20,30.0
2015,07,21,30.0
2015,07,22,30.5
2015,07,23,29.9
2015,07,24,29.7
2015,07,25,30.1
2015,07,26,28.6
2015,07,27,29.5
2015,07,28,29.3
2015,07,29,30.1
2015,07,30,29.7
2015,07,31,28.3
2015,08,01,27.4
2015,08,02,29.3
2015,08,03,26.7
2015,08,04,27.5
2015,08,05,29.1
2015,08,06,27.6
2015,08,07,27.5
2015,08,08,28.3
2015,08,09,27.9
2015,08,10,29.5
2015,08,11,29.3
2015,08,12,26.9
2015,08,13,28.8
2015,08,14,29.8
2015,08,15,29.8
2015,08,16,29.3
2015,08,17,29.1
2015,08,18,29.6
2015,08,19,29.5
2015,08,20,29.7
2015,08,21,29.0
2015,08,22,29.4
2015,08,23,29.4
2015,08,24,29.4
2015,08,25,28.7
2015,08,26,29.3
2015,08,27,29.5
2015,08,28,29.6
2015,08,29,30.1
2015,08,30,29.6
2015,08,31,29.7
2015,09,01,29.7
2015,09,02,29.6
2015,09,03,29.8
2015,09,04,29.5
2015,09,05,29.7
2015,09,06,29.8
2015,09,07,29.4
2015,09,08,29.6
2015,09,09,27.9
2015,09,10,28.5
2015,09,11,29.5
2015,09,12,29.2
2015,09,13,29.6
2015,09,14,29.1
2015,09,15,27.0
2015,09,16,27.9
2015,09,17,29.4
2015,09,18,29.4
2015,09,19,29.5
2015,09,20,29.7
2015,09,21,29.2
2015,09,22,29.4
2015,09,23,29.6
2015,09,24,29.4
2015,09,25,29.6
2015,09,26,29.5
2015,09,27,29.5
2015,09,28,28.2
2015,09,29,28.8
2015,09,30,29.0
2015,10,01,29.4
2015,10,02,28.2
2015,10,03,28.9
2015,10,04,29.6
2015,10,05,29.0
2015,10,06,28.1
2015,10,07,28.5
2015,10,08,28.9
2015,10,09,29.7
2015,10,10,29.7
2015,10,11,29.9
2015,10,12,29.8
2015,10,13,29.7
2015,10,14,29.6
2015,10,15,30.1
2015,10,16,29.7
2015,10,17,29.9
2015,10,18,29.9
2015,10,19,29.9
2015,10,20,29.9
2015,10,21,30.1
2015,10,22,29.9
2015,10,23,30.1
2015,10,24,29.5
2015,10,25,29.2
2015,10,26,29.6
2015,10,27,29.6
2015,10,28,27.2
2015,10,29,28.8
2015,10,30,28.0
2015,10,31,28.1
2015,11,01,28.3
2015,11,02,27.8
2015,11,03,28.9
2015,11,04,28.8
2015,11,05,29.4
2015,11,06,29.5
2015,11,07,27.8
2015,11,08,27.8
2015,11,09,28.2
2015,11,10,28.5
2015,11,11,27.4
2015,11,12,28.6
2015,11,13,27.9
2015,11,14,29.0
2015,11,15,28.3
2015,11,16,26.7
2015,11,17,27.3
2015,11,18,28.8
2015,11,19,29.2
2015,11,20,28.2
2015,11,21,27.8
2015,11,22,28.7
2015,11,23,29.6
2015,11,24,27.2
2015,11,25,27.3
2015,11,26,27.1
2015,11,27,27.9
2015,11,28,28.9
2015,11,29,29.0
2015,11,30,27.7
2015,12,01,27.1
2015,12,02,27.6
2015,12,03,28.8
2015,12,04,28.6
2015,12,05,28.0
2015,12,06,27.3
2015,12,07,28.7
2015,12,08,28.4
2015,12,09,28.4
2015,12,10,28.1
2015,12,11,27.5
2015,12,12,27.2
2015,12,13,26.0
2015,12,14,27.4
2015,12,15,27.7
2015,12,16,28.1
2015,12,17,28.1
2015,12,18,28.1
2015,12,19,28.9
2015,12,20,28.9
2015,12,21,29.2
2015,12,22,29.8
2015,12,23,28.1
2015,12,24,26.6
2015,12,25,28.1
2015,12,26,28.6
2015,12,27,28.6
2015,12,28,28.8
2015,12,29,26.9
2015,12,30,28.4
2015,12,31,26.9
2016,01,01,27.6
2016,01,02,26.3
2016,01,03,26.2
2016,01,04,27.9
2016,01,05,28.8
2016,01,06,28.7
2016,01,07,28.7
2016,01,08,28.8
2016,01,09,28.8
2016,01,10,29.2
2016,01,11,28.8
2016,01,12,29.1
2016,01,13,29.1
2016,01,14,29.0
2016,01,15,28.3
2016,01,16,27.9
2016,01,17,27.7
2016,01,18,28.7
2016,01,19,28.8
2016,01,20,28.5
2016,01,21,28.5
2016,01,22,28.7
2016,01,23,28.6
2016,01,24,29.1
2016,01,25,28.2
2016,01,26,27.9
2016,01,27,28.9
2016,01,28,28.9
2016,01,29,28.6
2016,01,30,29.1
2016,01,31,28.9
2016,02,01,29.3
2016,02,02,28.2
2016,02,03,28.9
2016,02,04,28.5
2016,02,05,28.4
2016,02,06,28.6
2016,02,07,27.0
2016,02,08,27.7
2016,02,09,27.2
2016,02,10,27.1
2016,02,11,27.6
2016,02,12,27.8
2016,02,13,28.6
2016,02,14,28.3
2016,02,15,28.8
2016,02,16,28.7
2016,02,17,28.2
2016,02,18,28.1
2016,02,19,25.3
2016,02,20,26.8
2016,02,21,27.8
2016,02,22,28.2
2016,02,23,28.3
2016,02,24,26.6
2016,02,25,28.1
2016,02,26,28.3
2016,02,27,28.6
2016,02,28,28.6
2016,02,29,28.7
2016,03,01,28.8
2016,03,02,28.5
2016,03,03,28.5
2016,03,04,28.5
2016,03,05,28.7
2016,03,06,29.1
2016,03,07,28.8
2016,03,08,28.2
2016,03,09,29.3
2016,03,10,29.2
2016,03,11,29.5
2016,03,12,29.3
2016,03,13,28.4
2016,03,14,29.2
2016,03,15,29.0
2016,03,16,28.9
2016,03,17,29.0
2016,03,18,28.9
2016,03,19,28.9
2016,03,20,28.8
2016,03,21,28.7
2016,03,22,28.9
2016,03,23,29.7
2016,03,24,29.5
2016,03,25,29.0
2016,03,26,29.3
2016,03,27,29.5
2016,03,28,29.4
2016,03,29,29.3
2016,03,30,29.3
2016,03,31,29.4
2016,04,01,29.5
2016,04,02,29.8
2016,04,03,29.1
2016,04,04,29.6
2016,04,05,29.3
2016,04,06,29.7
2016,04,07,29.6
2016,04,08,29.9
2016,04,09,28.2
2016,04,10,29.5
2016,04,11,29.9
2016,04,12,30.6
2016,04,13,30.8
2016,04,14,30.3
2016,04,15,29.4
2016,04,16,29.6
2016,04,17,30.3
2016,04,18,30.9
2016,04,19,30.6
2016,04,20,30.0
2016,04,21,30.5
2016,04,22,29.8
2016,04,23,29.9
2016,04,24,29.7
2016,04,25,29.4
2016,04,26,29.7
2016,04,27,29.3
2016,04,28,29.6
2016,04,29,29.1
2016,04,30,28.7
2016,05,01,30.2
2016,05,02,29.7
2016,05,03,30.7
2016,05,04,31.1
2016,05,05,30.2
2016,05,06,30.2
2016,05,07,30.3
2016,05,08,30.2
2016,05,09,30.0
2016,05,10,30.8
2016,05,11,29.4
2016,05,12,30.1
2016,05,13,29.3
2016,05,14,28.2
2016,05,15,28.8
2016,05,16,28.7
2016,05,17,29.2
2016,05,18,28.8
2016,05,19,29.2
2016,05,20,30.6
2016,05,21,29.1
2016,05,22,28.7
2016,05,23,30.0
2016,05,24,30.5
2016,05,25,30.8
2016,05,26,29.3
2016,05,27,30.7
2016,05,28,29.4
2016,05,29,30.5
2016,05,30,28.8
2016,05,31,29.8
2016,06,01,28.0
2016,06,02,28.9
2016,06,03,29.3
2016,06,04,27.4
2016,06,05,29.2
2016,06,06,30.3
2016,06,07,30.4
2016,06,08,28.5
2016,06,09,29.1
2016,06,10,29.0
2016,06,11,28.8
2016,06,12,29.4
2016,06,13,29.6
2016,06,14,29.7
2016,06,15,29.1
2016,06,16,29.1
2016,06,17,27.0
2016,06,18,27.7
2016,06,19,28.2
2016,06,20,29.4
2016,06,21,29.9
2016,06,22,27.8
2016,06,23,29.9
2016,06,24,27.3
2016,06,25,29.6
2016,06,26,29.7
2016,06,27,29.6
2016,06,28,30.5
2016,06,29,31.3
2016,06,30,30.9
2016,07,01,30.7
2016,07,02,30.6
2016,07,03,30.8
2016,07,04,30.9
2016,07,05,30.7
2016,07,06,29.8
2016,07,07,30.2
2016,07,08,29.3
2016,07,09,30.5
2016,07,10,30.4
2016,07,11,28.6
2016,07,12,30.5
2016,07,13,28.6
2016,07,14,27.8
2016,07,15,28.1
2016,07,16,29.2
2016,07,17,28.1
2016,07,18,28.1
2016,07,19,28.3
2016,07,20,27.5
2016,07,21,27.5
2016,07,22,26.4
2016,07,23,27.6
2016,07,24,27.7
2016,07,25,27.9
2016,07,26,26.8
2016,07,27,28.9
2016,07,28,28.7
2016,07,29,29.3
2016,07,30,29.6
2016,07,31,28.3
2016,08,01,28.2
2016,08,02,29.8
2016,08,03,28.1
2016,08,04,29.0
2016,08,05,29.9
2016,08,06,28.8
2016,08,07,29.7
2016,08,08,30.2
2016,08,09,29.9
2016,08,10,30.3
2016,08,11,30.0
2016,08,12,29.6
2016,08,13,30.3
2016,08,14,29.4
2016,08,15,29.9
2016,08,16,30.1
2016,08,17,30.0
2016,08,18,30.6
2016,08,19,28.9
2016,08,20,29.9
2016,08,21,28.1
2016,08,22,29.8
2016,08,23,30.0
2016,08,24,28.3
2016,08,25,29.9
2016,08,26,30.1
2016,08,27,29.9
2016,08,28,29.5
2016,08,29,30.0
2016,08,30,28.2
2016,08,31,29.0
2016,09,01,27.8
2016,09,02,29.2
2016,09,03,30.1
2016,09,04,29.1
2016,09,05,29.0
2016,09,06,29.6
2016,09,07,28.0
2016,09,08,29.9
2016,09,09,28.6
2016,09,10,27.8
2016,09,11,29.3
2016,09,12,27.1
2016,09,13,29.4
2016,09,14,27.1
2016,09,15,29.4
2016,09,16,28.9
2016,09,17,29.6
2016,09,18,29.2
2016,09,19,29.1
2016,09,20,28.6
2016,09,21,28.7
2016,09,22,29.2
2016,09,23,29.6
2016,09,24,29.7
2016,09,25,29.2
2016,09,26,29.2
2016,09,27,29.2
2016,09,28,30.2
2016,09,29,30.0
2016,09,30,29.4
2016,10,01,28.5
2016,10,02,30.7
2016,10,03,28.5
2016,10,04,29.2
2016,10,05,29.3
2016,10,06,28.6
2016,10,07,26.5
2016,10,08,28.8
2016,10,09,29.1
2016,10,10,30.3
2016,10,11,30.8
2016,10,12,30.0
2016,10,13,29.8
2016,10,14,29.0
2016,10,15,30.3
2016,10,16,29.0
2016,10,17,29.6
2016,10,18,30.1
2016,10,19,28.1
2016,10,20,29.8
2016,10,21,29.9
2016,10,22,28.9
2016,10,23,29.1
2016,10,24,27.7
2016,10,25,27.3
2016,10,26,28.2
2016,10,27,26.6
2016,10,28,27.4
2016,10,29,27.3
2016,10,30,27.9
2016,10,31,29.3
2016,11,01,27.4
2016,11,02,27.4
2016,11,03,27.9
2016,11,04,28.3
2016,11,05,27.1
2016,11,06,28.9
2016,11,07,27.2
2016,11,08,29.5
2016,11,09,28.4
2016,11,10,28.2
2016,11,11,27.5
2016,11,12,27.8
2016,11,13,28.1
2016,11,14,25.9
2016,11,15,27.9
2016,11,16,27.1
2016,11,17,27.7
2016,11,18,28.0
2016,11,19,28.3
2016,11,20,28.2
2016,11,21,28.7
2016,11,22,28.2
2016,11,23,28.2
2016,11,24,28.5
2016,11,25,28.0
2016,11,26,27.8
2016,11,27,27.6
2016,11,28,28.0
2016,11,29,27.0
2016,11,30,28.6
2016,12,01,26.2
2016,12,02,27.7
2016,12,03,27.7
2016,12,04,29.3
2016,12,05,29.3
2016,12,06,28.4
2016,12,07,28.6
2016,12,08,29.3
2016,12,09,27.4
2016,12,10,28.1
2016,12,11,26.7
2016,12,12,28.6
2016,12,13,28.7
2016,12,14,29.1
2016,12,15,29.5
2016,12,16,28.8
2016,12,17,27.3
2016,12,18,27.2
2016,12,19,28.6
2016,12,20,28.7
2016,12,21,29.2
2016,12,22,27.3
2016,12,23,27.3
2016,12,24,26.9
2016,12,25,27.2
2016,12,26,27.1
2016,12,27,26.8
2016,12,28,26.0
2016,12,29,27.9
2016,12,30,27.4
2016,12,31,27.2
2017,01,01,27.8
2017,01,02,26.9
2017,01,03,27.0
2017,01,04,27.3
2017,01,05,28.5
2017,01,06,29.0
2017,01,07,29.9
2017,01,08,29.9
2017,01,09,28.9
2017,01,10,28.2
2017,01,11,27.4
2017,01,12,28.6
2017,01,13,27.8
2017,01,14,28.4
2017,01,15,28.5
2017,01,16,28.6
2017,01,17,28.3
2017,01,18,26.9
2017,01,19,27.0
2017,01,20,26.8
2017,01,21,26.9
2017,01,22,26.9
2017,01,23,25.4
2017,01,24,24.4
2017,01,25,26.1
2017,01,26,27.5
2017,01,27,27.8
2017,01,28,26.4
2017,01,29,26.8
2017,01,30,26.2
2017,01,31,27.3
2017,02,01,27.7
2017,02,02,27.6
2017,02,03,27.9
2017,02,04,27.2
2017,02,05,27.7
2017,02,06,28.1
2017,02,07,26.7
2017,02,08,26.9
2017,02,09,28.1
2017,02,10,28.0
2017,02,11,27.7
2017,02,12,26.5
2017,02,13,26.9
2017,02,14,26.9
2017,02,15,26.0
2017,02,16,27.1
2017,02,17,27.5
2017,02,18,27.3
2017,02,19,27.8
2017,02,20,27.9
2017,02,21,27.6
2017,02,22,27.9
2017,02,23,27.4
2017,02,24,25.5
2017,02,25,27.1
2017,02,26,27.8
2017,02,27,27.8
2017,02,28,27.5
2017,03,01,25.5
2017,03,02,27.3
2017,03,03,26.9
2017,03,04,26.2
2017,03,05,27.3
2017,03,06,27.2
2017,03,07,27.5
2017,03,08,27.6
2017,03,09,27.4
2017,03,10,27.4
2017,03,11,27.9
2017,03,12,27.2
2017,03,13,28.2
2017,03,14,27.4
2017,03,15,29.3
2017,03,16,28.9
2017,03,17,27.6
2017,03,18,28.8
2017,03,19,28.9
2017,03,20,27.4
2017,03,21,28.3
2017,03,22,28.0
2017,03,23,28.8
2017,03,24,28.9
2017,03,25,28.5
2017,03,26,29.5
2017,03,27,29.2
2017,03,28,27.3
2017,03,29,27.6
2017,03,30,26.5
2017,03,31,27.4
2017,04,01,27.0
2017,04,02,28.2
2017,04,03,28.1
2017,04,04,29.2
2017,04,05,29.4
2017,04,06,29.4
2017,04,07,28.6
2017,04,08,27.5
2017,04,09,28.3
2017,04,10,28.3
2017,04,11,29.3
2017,04,12,28.6
2017,04,13,27.5
2017,04,14,28.0
2017,04,15,28.6
2017,04,16,29.0
2017,04,17,29.6
2017,04,18,27.7
2017,04,19,28.8
2017,04,20,28.5
2017,04,21,28.4
2017,04,22,28.7
2017,04,23,29.0
2017,04,24,28.2
2017,04,25,27.4
2017,04,26,27.7
2017,04,27,28.0
2017,04,28,28.0
2017,04,29,28.5
2017,04,30,29.3
2017,05,01,29.7
2017,05,02,28.6
2017,05,03,29.5
2017,05,04,29.4
2017,05,05,29.4
2017,05,06,29.1
2017,05,07,28.8
2017,05,08,29.4
2017,05,09,30.4
2017,05,10,28.2
2017,05,11,28.8
2017,05,12,28.7
2017,05,13,29.2
2017,05,14,30.0
2017,05,15,28.7
2017,05,16,29.3
2017,05,17,30.7
2017,05,18,29.6
2017,05,19,29.9
2017,05,20,30.3
2017,05,21,28.9
2017,05,22,28.8
2017,05,23,30.1
2017,05,24,27.1
2017,05,25,28.8
2017,05,26,27.8
2017,05,27,28.8
2017,05,28,29.6
2017,05,29,30.0
2017,05,30,27.3
2017,05,31,29.2
2017,06,01,28.3
2017,06,02,29.8
2017,06,03,30.3
2017,06,04,30.7
2017,06,05,30.6
2017,06,06,30.5
2017,06,07,30.5
2017,06,08,30.3
2017,06,09,30.5
2017,06,10,29.7
2017,06,11,28.9
2017,06,12,30.1
2017,06,13,30.0
2017,06,14,28.9
2017,06,15,30.0
2017,06,20,29.8
2017,06,21,28.9
2017,06,22,29.4
2017,06,23,27.5
2017,06,24,29.1
2017,06,25,28.0
2017,06,26,28.1
2017,06,27,26.5
2017,06,28,28.0
2017,06,29,28.0
2017,06,30,29.1
2017,07,01,29.7
2017,07,02,29.2
2017,07,03,27.7
2017,07,04,29.1
2017,07,05,28.1
2017,07,06,28.3
2017,07,07,29.3
2017,07,08,28.7
2017,07,09,28.3
2017,07,10,29.7
2017,07,11,28.3
2017,07,12,26.7
2017,07,13,27.8
2017,07,14,26.4
2017,07,15,27.6
2017,07,16,28.8
2017,07,17,29.3
2017,07,18,29.1
2017,07,19,29.1
2017,07,20,29.2
2017,07,21,29.8
2017,07,22,30.1
2017,07,23,29.9
2017,07,24,29.8
2017,07,25,29.9
2017,07,26,29.3
2017,07,27,29.6
2017,07,28,30.1
2017,07,29,30.0
2017,07,30,30.0
2017,07,31,29.9
2017,08,01,30.0
2017,08,02,29.9
2017,08,03,29.8
2017,08,04,29.8
2017,08,05,29.9
2017,08,06,29.3
2017,08,07,29.0
2017,08,08,28.3
2017,08,09,28.0
2017,08,10,29.2
2017,08,11,28.1
2017,08,12,27.3
2017,08,13,27.6
2017,08,14,28.5
2017,08,15,27.8
2017,08,16,28.9
2017,08,17,27.8
2017,08,18,27.9
2017,08,19,28.7
2017,08,20,29.3
2017,08,21,29.3
2017,08,22,27.9
2017,08,23,29.7
2017,08,24,29.4
2017,08,25,28.9
2017,08,26,29.3
2017,08,27,28.2
2017,08,28,28.9
2017,08,29,27.6
2017,08,30,28.6
2017,08,31,29.4
2017,09,01,29.5
2017,09,02,29.9
2017,09,03,29.7
2017,09,04,29.5
2017,09,05,29.2
2017,09,06,27.7
2017,09,07,28.8
2017,09,08,28.7
2017,09,09,28.7
2017,09,10,28.6
2017,09,11,27.7
2017,09,12,29.5
2017,09,13,29.8
2017,09,14,29.4
2017,09,15,28.5
2017,09,16,28.3
2017,09,17,29.4
2017,09,18,27.8
2017,09,19,27.2
2017,09,20,27.6
2017,09,21,27.4
2017,09,22,29.4
2017,09,23,29.5
2017,09,24,28.7
2017,09,25,29.5
2017,09,26,28.2
2017,09,27,28.3
2017,09,28,29.1
2017,09,29,28.1
2017,09,30,28.6
2017,10,01,27.5
2017,10,02,28.7
2017,10,03,28.1
2017,10,04,26.5
2017,10,05,28.4
2017,10,06,28.8
2017,10,07,27.4
2017,10,08,27.1
2017,10,09,28.6
2017,10,10,28.1
2017,10,11,28.8
2017,10,12,27.7
2017,10,13,28.0
2017,10,14,30.0
2017,10,15,30.6
2017,10,16,29.5
2017,10,17,31.0
2017,10,18,30.7
2017,10,19,30.6
2017,10,20,30.6
2017,10,21,30.0
2017,10,22,29.3
2017,10,23,29.3
2017,10,24,28.3
2017,10,25,28.2
2017,10,26,28.4
2017,10,27,27.8
2017,10,28,29.0
2017,10,29,27.2
2017,10,30,27.4
2017,10,31,26.8
2017,11,01,28.1
2017,11,02,28.7
2017,11,03,28.7
2017,11,04,28.1
2017,11,05,28.7
2017,11,06,27.1
2017,11,07,27.5
2017,11,08,27.8
2017,11,09,27.2
2017,11,10,26.6
2017,11,11,26.4
2017,11,12,27.8
2017,11,13,28.2
2017,11,14,26.3
2017,11,15,28.1
2017,11,16,28.7
2017,11,17,27.7
2017,11,18,28.2
2017,11,19,28.9
2017,11,20,28.1
2017,11,21,26.5
2017,11,22,28.4
2017,11,23,27.2
2017,11,24,26.9
2017,11,25,27.9
2017,11,26,27.3
2017,11,27,26.5
2017,11,28,27.6
2017,11,29,27.8
2017,11,30,28.6
2017,12,01,29.2
2017,12,02,29.3
2017,12,03,29.3
2017,12,04,28.1
2017,12,05,28.4
2017,12,06,28.6
2017,12,07,27.7
2017,12,08,27.5
2017,12,09,26.6
2017,12,10,28.0
2017,12,11,27.4
2017,12,12,26.6
2017,12,13,26.9
2017,12,14,27.6
2017,12,15,27.2
2017,12,16,27.6
2017,12,17,27.9
2017,12,18,27.9
2017,12,19,26.9
2017,12,20,27.5
2017,12,21,28.1
2017,12,22,27.9
2017,12,23,28.0
2017,12,24,27.1
2017,12,25,27.3
2017,12,26,27.6
2017,12,27,26.8
2017,12,28,27.5
2017,12,29,28.2
2017,12,30,27.1
2017,12,31,25.4
2018,01,01,25.2
2018,01,02,25.8
2018,01,03,26.7
2018,01,04,26.7
2018,01,05,26.6
2018,01,06,27.4
2018,01,07,27.3
2018,01,08,27.1
2018,01,09,27.5
2018,01,10,25.2
2018,01,11,24.0
2018,01,12,23.2
2018,01,13,23.2
2018,01,14,23.8
2018,01,15,25.3
2018,01,16,26.6
2018,01,17,27.6
2018,01,18,27.5
2018,01,19,27.1
2018,01,20,26.8
2018,01,21,28.2
2018,01,22,28.3
2018,01,23,27.3
2018,01,24,27.1
2018,01,25,27.1
2018,01,26,26.8
2018,01,27,27.8
2018,01,28,27.0
2018,01,29,28.3
2018,01,30,27.7
2018,01,31,27.5
2018,02,01,28.5
2018,02,02,25.9
2018,02,03,27.5
2018,02,04,26.9
2018,02,05,27.1
2018,02,06,26.9
2018,02,07,26.2
2018,02,08,26.3
2018,02,09,26.5
2018,02,10,26.6
2018,02,11,27.1
2018,02,12,27.4
2018,02,13,27.4
2018,02,14,27.3
2018,02,15,27.6
2018,02,16,27.5
2018,02,17,27.6
2018,02,18,27.6
2018,02,19,27.5
2018,02,20,27.8
2018,02,21,27.9
2018,02,22,28.1
2018,02,23,27.5
2018,02,24,26.4
2018,02,25,27.4
2018,02,26,27.7
2018,02,27,27.7
2018,02,28,27.9
2018,03,01,28.1
2018,03,02,27.8
2018,03,03,28.4
2018,03,04,28.5
2018,03,05,28.6
2018,03,06,29.0
2018,03,07,26.9
2018,03,08,27.0
2018,03,09,28.4
2018,03,10,27.5
2018,03,11,28.1
2018,03,12,28.1
2018,03,13,28.5
2018,03,14,28.6
2018,03,15,29.0
2018,03,16,28.6
2018,03,17,28.8
2018,03,18,28.6
2018,03,19,28.8
2018,03,20,28.5
2018,03,21,28.7
2018,03,22,28.9
2018,03,23,28.8
2018,03,24,28.4
2018,03,25,27.3
2018,03,26,28.4
2018,03,27,25.9
2018,03,28,26.8
2018,03,29,27.1
2018,03,30,27.4
2018,03,31,28.4
2018,04,01,27.5
2018,04,02,28.6
2018,04,03,28.7
2018,04,04,28.8
2018,04,05,28.4
2018,04,06,28.6
2018,04,07,27.8
2018,04,08,28.6
2018,04,09,28.9
2018,04,10,29.2
2018,04,11,29.3
2018,04,12,29.8
2018,04,13,29.6
2018,04,14,28.4
2018,04,15,27.4
2018,04,16,27.1
2018,04,17,28.6
2018,04,18,29.0
2018,04,19,28.5
2018,04,20,28.0
2018,04,21,28.0
2018,04,22,28.6
2018,04,23,27.9
2018,04,24,28.9
2018,04,25,30.5
2018,04,26,28.7
2018,04,27,26.9
2018,04,28,28.6
2018,04,29,30.1
2018,04,30,29.5
2018,05,01,27.6
2018,05,02,28.4
2018,05,03,28.4
2018,05,04,29.1
2018,05,05,29.5
2018,05,06,30.2
2018,05,07,30.3
2018,05,08,30.7
2018,05,09,30.9
2018,05,10,30.3
2018,05,11,29.7
2018,05,12,30.4
2018,05,13,28.6
2018,05,14,29.2
2018,05,15,29.1
2018,05,16,28.4
2018,05,17,29.4
2018,05,18,28.5
2018,05,19,28.3
2018,05,20,27.4
2018,05,21,29.1
2018,05,22,29.1
2018,05,23,27.7
2018,05,24,28.7
2018,05,25,29.7
2018,05,26,28.2
2018,05,27,28.3
2018,05,28,28.2
2018,05,29,28.7
2018,05,30,28.5
2018,05,31,28.1
2018,06,01,28.4
2018,06,02,27.7
2018,06,03,29.6
2018,06,04,30.3
2018,06,05,30.3
2018,06,06,30.7
2018,06,07,30.8
2018,06,08,29.7
2018,06,09,30.0
2018,06,10,30.2
2018,06,11,30.5
2018,06,12,30.3
2018,06,13,29.4
2018,06,14,29.7
2018,06,15,27.6
2018,06,16,29.7
2018,06,17,30.0
2018,06,18,29.1
2018,06,19,28.1
2018,06,20,27.6
2018,06,21,28.5
2018,06,22,28.9
2018,06,23,27.8
2018,06,24,27.4
2018,06,25,27.2
2018,06,26,27.1
2018,06,27,26.4
2018,06,28,28.6
2018,06,29,26.6
2018,06,30,28.4
2018,07,01,27.5
2018,07,02,28.0
2018,07,03,27.9
2018,07,04,28.9
2018,07,05,29.4
2018,07,06,29.2
2018,07,07,28.7
2018,07,08,29.1
2018,07,09,29.2
2018,07,10,27.4
2018,07,11,28.8
2018,07,12,29.6
2018,07,13,29.4
2018,07,14,29.0
2018,07,15,27.6
2018,07,16,29.4
2018,07,17,29.4
2018,07,18,29.6
2018,07,19,28.6
2018,07,20,29.5
2018,07,21,29.1
2018,07,22,29.6
2018,07,23,30.0
2018,07,24,30.0
2018,07,25,28.2
2018,07,26,29.2
2018,07,27,29.9
2018,07,28,30.0
2018,07,29,29.6
2018,07,30,27.5
2018,07,31,28.2
2018,08,01,26.9
2018,08,02,28.4
2018,08,03,29.1
2018,08,04,28.5
2018,08,05,28.6
2018,08,06,29.0
2018,08,07,28.8
2018,08,08,27.3
2018,08,09,29.0
2018,08,10,29.6
2018,08,11,29.5
2018,08,12,29.7
2018,08,13,30.0
2018,08,14,30.1
2018,08,15,30.0
2018,08,16,29.9
2018,08,17,28.8
2018,08,18,29.5
2018,08,19,29.8
2018,08,20,29.6
2018,08,21,29.7
2018,08,22,27.8
2018,08,23,29.1
2018,08,24,27.5
2018,08,25,28.2
2018,08,26,29.6
2018,08,27,29.8
2018,08,28,29.2
2018,08,29,28.8
2018,08,30,29.2
2018,08,31,28.6
2018,09,01,28.5
2018,09,02,27.6
2018,09,03,28.3
2018,09,04,26.6
2018,09,05,27.9
2018,09,06,28.9
2018,09,07,27.1
2018,09,08,27.1
2018,09,09,27.9
2018,09,10,27.7
2018,09,11,27.1
2018,09,12,28.2
2018,09,13,29.7
2018,09,14,29.6
2018,09,15,29.2
2018,09,16,29.2
2018,09,17,29.6
2018,09,18,28.1
2018,09,19,27.4
2018,09,20,27.0
2018,09,21,27.0
2018,09,22,27.8
2018,09,23,29.5
2018,09,24,29.8
2018,09,25,29.9
2018,09,26,29.4
2018,09,27,30.0
2018,09,28,30.1
2018,09,29,30.0
2018,09,30,30.1
2018,10,01,30.2
2018,10,02,30.2
2018,10,03,30.3
2018,10,04,30.5
2018,10,05,30.5
2018,10,06,28.6
2018,10,07,28.0
2018,10,08,27.8
2018,10,09,27.0
2018,10,10,26.7
2018,10,11,27.0
2018,10,12,26.9
2018,10,13,27.0
2018,10,14,25.8
2018,10,15,28.7
2018,10,16,28.4
2018,10,17,27.9
2018,10,18,27.2
2018,10,19,28.6
2018,10,20,29.6
2018,10,21,29.7
2018,10,22,29.6
2018,10,23,28.0
2018,10,24,28.0
2018,10,25,28.0
2018,10,26,29.0
2018,10,27,28.3
2018,10,28,27.3
2018,10,29,28.1
2018,10,30,28.2
2018,10,31,28.0
2018,11,01,26.9
2018,11,02,27.3
2018,11,03,27.8
2018,11,04,27.9
2018,11,05,28.2
2018,11,06,27.6
2018,11,07,28.1
2018,11,08,28.1
2018,11,09,27.2
2018,11,10,28.1
2018,11,11,27.0
2018,11,12,28.0
2018,11,13,27.7
2018,11,14,28.1
2018,11,15,26.8
2018,11,16,28.4
2018,11,17,27.8
2018,11,18,27.0
2018,11,19,27.2
2018,11,20,28.3
2018,11,21,26.8
2018,11,22,27.3
2018,11,23,27.9
2018,11,24,29.0
2018,11,25,28.6
2018,11,26,28.0
2018,11,27,27.1
2018,11,28,28.2
2018,11,29,28.2
2018,11,30,27.9
2018,12,01,27.2
2018,12,02,27.4
2018,12,03,27.1
2018,12,04,28.4
2018,12,05,27.7
2018,12,06,27.5
2018,12,07,27.7
2018,12,08,28.0
2018,12,09,28.5
2018,12,10,28.0
2018,12,11,26.9
2018,12,12,27.4
2018,12,13,26.9
2018,12,14,27.2
2018,12,15,27.3
2018,12,16,26.9
2018,12,17,28.0
2018,12,18,28.8
2018,12,19,27.9
2018,12,20,27.9
2018,12,21,28.1
2018,12,22,28.6
2018,12,23,27.8
2018,12,24,28.8
2018,12,25,29.2
2018,12,26,28.9
2018,12,27,28.4
2018,12,28,29.8
2018,12,29,28.8
2018,12,30,28.9
2018,12,31,27.6
2019,01,01,28.8
2019,01,02,29.4
2019,01,03,29.5
2019,01,04,29.7
2019,01,05,28.5
2019,01,06,28.6
2019,01,07,28.8
2019,01,08,28.1
2019,01,09,28.7
2019,01,10,28.8
2019,01,11,28.4
2019,01,12,28.6
2019,01,13,28.2
2019,01,14,28.2
2019,01,15,28.6
2019,01,16,28.6
2019,01,17,27.1
2019,01,18,26.2
2019,01,19,27.8
2019,01,20,28.4
2019,01,21,28.2
2019,01,22,27.9
2019,01,23,28.3
2019,01,24,27.7
2019,01,25,27.4
2019,01,26,27.3
2019,01,27,28.2
2019,01,28,27.1
2019,01,29,28.1
2019,01,30,28.2
2019,01,31,28.1
2019,02,01,28.3
2019,02,02,28.2
2019,02,03,28.4
2019,02,04,28.8
2019,02,05,28.3
2019,02,06,27.9
2019,02,07,27.8
2019,02,08,28.5
2019,02,09,28.8
2019,02,10,28.6
2019,02,11,28.0
2019,02,12,28.9
2019,02,13,28.7
2019,02,14,28.7
2019,02,15,28.2
2019,02,16,28.6
2019,02,17,27.4
2019,02,18,27.0
2019,02,19,28.2
2019,02,20,28.4
2019,02,21,28.6
2019,02,22,28.7
2019,02,23,28.4
2019,02,24,28.3
2019,02,25,28.7
2019,02,26,28.7
2019,02,27,28.1
2019,02,28,28.5
2019,03,01,28.5
2019,03,02,28.5
2019,03,03,28.1
2019,03,04,28.3
2019,03,05,28.8
2019,03,06,28.8
2019,03,07,29.6
2019,03,08,29.4
2019,03,09,29.4
2019,03,10,29.6
2019,03,11,27.7
2019,03,12,29.0
2019,03,13,29.3
2019,03,14,29.1
2019,03,15,28.9
2019,03,16,29.1
2019,03,17,29.1
2019,03,18,29.1
2019,03,19,29.1
2019,03,20,29.3
2019,03,21,28.1
2019,03,22,28.8
2019,03,23,29.4
2019,03,24,28.9
2019,03,25,28.8
2019,03,26,29.7
2019,03,27,29.9
2019,03,28,28.3
2019,03,29,29.6
2019,03,30,28.3
2019,03,31,29.3
2019,04,01,27.4
2019,04,02,28.5
2019,04,03,27.3
2019,04,04,29.1
2019,04,05,29.1
2019,04,06,29.2
2019,04,07,29.4
2019,04,08,29.3
2019,04,09,29.3
2019,04,10,28.7
2019,04,11,28.0
2019,04,12,29.3
2019,04,13,30.0
2019,04,14,29.4
2019,04,15,30.1
2019,04,16,30.7
2019,04,17,30.6
2019,04,18,30.6
2019,04,19,29.8
2019,04,20,28.6
2019,04,21,30.1
2019,04,22,29.7
2019,04,23,28.6
2019,04,24,29.1
2019,04,25,29.2
2019,04,26,26.7
2019,04,27,27.9
2019,04,28,29.4
2019,04,29,29.4
2019,04,30,28.6
2019,05,01,30.2
2019,05,02,29.3
2019,05,03,29.8
2019,05,04,29.3
2019,05,05,29.3
2019,05,06,30.7
2019,05,07,31.0
2019,05,08,27.7
2019,05,09,30.6
2019,05,10,30.1
2019,05,11,29.3
2019,05,12,30.2
2019,05,13,29.8
2019,05,14,29.9
2019,05,15,30.2
2019,05,16,29.7
2019,05,17,28.6
2019,05,18,29.7
2019,05,19,28.4
2019,05,20,29.4
2019,05,21,29.2
2019,05,22,29.0
2019,05,23,30.1
2019,05,24,30.9
2019,05,25,29.9
2019,05,26,30.4
2019,05,27,30.2
2019,05,28,30.7
2019,05,29,30.5
2019,05,30,28.7
2019,05,31,29.6
2019,06,01,28.7
2019,06,02,29.2
2019,06,03,27.4
2019,06,04,28.6
2019,06,05,29.7
2019,06,06,27.5
2019,06,07,26.4
2019,06,08,27.8
2019,06,09,29.2
2019,06,10,30.1
2019,06,11,29.8
2019,06,12,27.5
2019,06,13,28.9
2019,06,14,29.6
2019,06,15,29.3
2019,06,16,29.9
2019,06,17,29.5
2019,06,18,27.7
2019,06,19,28.1
2019,06,20,29.2
2019,06,21,28.7
2019,06,22,27.6
2019,06,23,29.1
2019,06,24,29.5
2019,06,25,30.0
2019,06,26,28.7
2019,06,27,29.8
2019,06,28,30.2
2019,06,29,29.2
2019,06,30,29.3
2019,07,01,30.0
2019,07,02,30.2
2019,07,03,29.7
2019,07,04,29.9
2019,07,05,29.9
2019,07,06,30.0
2019,07,07,29.6
2019,07,08,28.6
2019,07,09,28.1
2019,07,10,29.8
2019,07,11,29.9
2019,07,12,29.6
2019,07,13,29.9
2019,07,14,30.0
2019,07,15,27.5
2019,07,16,29.1
2019,07,17,29.5
2019,07,18,29.6
2019,07,19,29.6
2019,07,20,29.7
2019,07,21,29.3
2019,07,22,28.9
2019,07,23,28.1
2019,07,24,29.1
2019,07,25,29.5
2019,07,26,29.5
2019,07,27,29.6
2019,07,28,29.6
2019,07,29,30.1
2019,07,30,29.9
2019,07,31,29.8
2019,08,01,29.8
2019,08,02,29.8
2019,08,03,29.9
2019,08,04,29.6
2019,08,05,29.6
2019,08,06,29.3
2019,08,07,29.3
2019,08,08,29.4
2019,08,09,29.4
2019,08,10,29.5
2019,08,11,29.9
2019,08,12,30.0
2019,08,13,29.9
2019,08,14,29.9
2019,08,15,29.9
2019,08,16,30.3
2019,08,17,29.3
2019,08,18,30.0
2019,08,19,29.9
2019,08,20,29.9
2019,08,21,30.0
2019,08,22,29.9
2019,08,23,29.9
2019,08,24,29.8
2019,08,25,29.3
2019,08,26,28.8
2019,08,27,28.0
2019,08,28,27.4
2019,08,29,29.2
2019,08,30,28.8
2019,08,31,29.2
2019,09,01,29.7
2019,09,02,29.9
2019,09,03,29.9
2019,09,04,29.5
2019,09,05,29.8
2019,09,06,29.9
2019,09,07,29.8
2019,09,08,29.8
2019,09,09,29.8
2019,09,10,29.8
2019,09,11,29.9
2019,09,12,29.7
2019,09,13,29.8
2019,09,14,28.9
2019,09,15,29.3
2019,09,16,29.4
2019,09,17,29.7
2019,09,18,29.6
2019,09,19,29.7
2019,09,20,29.4
2019,09,21,29.7
2019,09,22,29.9
2019,09,23,28.9
2019,09,24,29.5
2019,09,25,27.4
2019,09,26,29.0
2019,09,27,29.8
2019,09,28,29.6
2019,09,29,28.3
2019,09,30,27.5
2019,10,01,28.4
2019,10,02,27.4
2019,10,03,28.0
2019,10,04,28.4
2019,10,05,29.1
2019,10,06,29.1
2019,10,07,27.4
2019,10,08,28.4
2019,10,09,29.0
2019,10,10,29.2
2019,10,11,29.7
2019,10,12,29.0
2019,10,13,29.4
2019,10,14,29.9
2019,10,15,29.6
2019,10,16,29.7
2019,10,17,28.4
2019,10,18,28.7
2019,10,19,29.8
2019,10,20,29.4
2019,10,21,29.1
2019,10,22,26.8
2019,10,23,27.7
2019,10,24,28.5
2019,10,25,29.5
2019,10,26,27.6
2019,10,27,27.6
2019,10,28,27.2
2019,10,29,29.1
2019,10,30,28.9
2019,10,31,29.1
2019,11,01,28.5
2019,11,02,30.0
2019,11,03,28.7
2019,11,04,28.9
2019,11,05,28.5
2019,11,06,29.9
2019,11,07,30.7
2019,11,08,28.2
2019,11,09,29.0
2019,11,10,30.0
2019,11,11,29.7
2019,11,12,29.0
2019,11,13,29.5
2019,11,14,28.0
2019,11,15,28.0
2019,11,16,28.9
2019,11,17,29.8
2019,11,18,29.1
2019,11,19,28.7
2019,11,20,26.9
2019,11,21,27.1
2019,11,22,27.2
2019,11,23,27.2
2019,11,24,27.1
2019,11,25,28.3
2019,11,26,28.8
2019,11,27,28.4
2019,11,28,28.0
2019,11,29,27.3
2019,11,30,28.3
